"Edicao (PTBR)","Edicao (EN)","Edicao (Sigla)","Card (PT)","Card (EN)","Quantidade","Qualidade (M NM SP MP HP D)","Idioma (BR EN DE ES FR IT JP KO RU TW)","Raridade (M R U C)","Cor (W U B R G M A L)","Extras","Card #","Comentario"
"","30th Anniversary Promos","pr30","Anjo Exaltado","Exalted Angel","1","NM","PTEN","S","W","Foil, Promo","10",""
"","30th Anniversary Promos","pr30","Templo do Falso Deus","Temple of the False God","1","SP","PTEN","S","L","Foil","11",""
"A Guerra da Centelha","War of the Spark","war","Aguilhoador Kraul","Kraul Stinger","1","SP","PTEN","C","G","","165",""
"A Guerra da Centelha","War of the Spark","war","Ajani, o Magnanimo","Ajani, the Greathearted","1","SP","PTEN","R","M","","184",""
"A Guerra da Centelha","War of the Spark","war","Corrida de Samut","Samut's Sprint","3","SP","PTEN","C","R","","142",""
"A Guerra da Centelha","War of the Spark","war","Guinchador de Mergulho","Shriekdiver","1","SP","PTEN","C","B","","103",""
"A Guerra da Centelha","War of the Spark","war","Iniciado Sinistro","Grim Initiate","2","SP","PTEN","C","R","","130",""
"A Guerra da Centelha","War of the Spark","war","Jaya, Maga do Fogo Venerada","Jaya, Venerated Firemage","1","SP","PTEN","U","R","","135",""
"A Guerra da Centelha","War of the Spark","war","Piro-helice de Chandra","Chandra's Pyrohelix","1","SP","PTEN","C","R","","120",""
"A Guerra da Centelha","War of the Spark","war","Tibalt, Instigador Dissoluto","Tibalt, Rakish Instigator","1","SP","PTEN","U","R","","146",""
"A Guerra da Centelha","War of the Spark","war","Triunfo de Chandra","Chandra's Triumph","1","SP","PTEN","U","R","","121",""
"A Guerra dos Irmãos","The Brothers' War","bro","A Queda de Kroog","The Fall of Kroog","1","SP","PTEN","U","R","","133",""
"A Guerra dos Irmãos","The Brothers' War","bro","Abre-clareiras do Berco","Cradle Clearcutter","1","SP","PTEN","U","C","","198",""
"A Guerra dos Irmãos","The Brothers' War","bro","Adepto de Lat-Nam","Lat-Nam Adept","2","SP","PTEN","C","U","","56",""
"A Guerra dos Irmãos","The Brothers' War","bro","Alem das Trincheiras","Over the Top","1","SP","PTEN","R","R","","146",""
"A Guerra dos Irmãos","The Brothers' War","bro","Assolacao","Raze to the Ground","2","SP","PTEN","C","R","","149",""
"A Guerra dos Irmãos","The Brothers' War","bro","Cacadora de Roca","Roc Hunter","2","SP","PTEN","C","R","","150",""
"A Guerra dos Irmãos","The Brothers' War","bro","Calca-penhasco Sardiano","Sardian Cliffstomper","1","SP","PTEN","U","R","","151",""
"A Guerra dos Irmãos","The Brothers' War","bro","Comando Alado","Wing Commando","1","SP","PTEN","C","U","","73",""
"A Guerra dos Irmãos","The Brothers' War","bro","Comando de Mishra","Mishra's Command","1","SP","PTEN","R","R","","141",""
"A Guerra dos Irmãos","The Brothers' War","bro","Confronto Epico","Epic Confrontation","1","SP","PTEN","C","G","","176",""
"A Guerra dos Irmãos","The Brothers' War","bro","Constatacao Terrivel","Gruesome Realization","1","SP","PTEN","U","B","","103",""
"A Guerra dos Irmãos","The Brothers' War","bro","Coorte de Sucata","Scrapwork Cohort","1","SP","PTEN","C","C","","37",""
"A Guerra dos Irmãos","The Brothers' War","bro","Corromper","Corrupt","1","SP","PTEN","U","B","","88",""
"A Guerra dos Irmãos","The Brothers' War","bro","Devastador Sucateado","Scrapwork Rager","1","SP","PTEN","C","C","","123",""
"A Guerra dos Irmãos","The Brothers' War","bro","Dominacao de Mishra","Mishra's Domination","1","SP","PTEN","C","R","","142",""
"A Guerra dos Irmãos","The Brothers' War","bro","Dragonete Mecanico Veloz","Swiftgear Drake","1","SP","PTEN","C","C","","251",""
"A Guerra dos Irmãos","The Brothers' War","bro","Escavacao Fallaji","Fallaji Excavation","1","SP","PTEN","U","G","","178",""
"A Guerra dos Irmãos","The Brothers' War","bro","Escavacao Meticulosa","Meticulous Excavation","1","SP","PTEN","U","W","","16",""
"A Guerra dos Irmãos","The Brothers' War","bro","Espreitador das Trincheiras","Trench Stalker","1","SP","PTEN","C","B","","116",""
"A Guerra dos Irmãos","The Brothers' War","bro","Explosao Pirrica","Pyrrhic Blast","1","SP","PTEN","U","R","","148",""
"A Guerra dos Irmãos","The Brothers' War","bro","Fluxo do Conhecimento","Flow of Knowledge","1","SP","PTEN","U","U","","49",""
"A Guerra dos Irmãos","The Brothers' War","bro","Garra Dragadora","Dredging Claw","1","SP","PTEN","C","C","","119",""
"A Guerra dos Irmãos","The Brothers' War","bro","Goblin Corredor-bomba","Goblin Blast-Runner","1","NM","EN","C","R","","137",""
"A Guerra dos Irmãos","The Brothers' War","bro","Golias de Ferrugem","Rust Goliath","1","SP","PTEN","C","C","","204",""
"A Guerra dos Irmãos","The Brothers' War","bro","Golpe Rodopiante","Whirling Strike","2","NM","EN","C","R","","157",""
"A Guerra dos Irmãos","The Brothers' War","bro","Guarda de Honra de Tomakul","Tomakul Honor Guard","1","SP","PTEN","C","G","","195",""
"A Guerra dos Irmãos","The Brothers' War","bro","Guerra Mecanizada","Mechanized Warfare","1","NM","EN","R","R","","139",""
"A Guerra dos Irmãos","The Brothers' War","bro","Mensageiro de Combate","Combat Courier","1","SP","PTEN","C","C","","77",""
"A Guerra dos Irmãos","The Brothers' War","bro","Momento de Desafio","Moment of Defiance","1","SP","PTEN","C","B","","108",""
"A Guerra dos Irmãos","The Brothers' War","bro","Negociacoes Hostis","Hostile Negotiations","1","SP","PTEN","R","B","","105",""
"A Guerra dos Irmãos","The Brothers' War","bro","Operario da Torre","Tower Worker","1","SP","PTEN","C","C","","255",""
"A Guerra dos Irmãos","The Brothers' War","bro","Prospector do Grande Deserto","Great Desert Prospector","1","SP","PTEN","U","W","","7",""
"A Guerra dos Irmãos","The Brothers' War","bro","Quebramentes Terisiano","Terisian Mindbreaker","1","SP","PTEN","R","C","","83",""
"A Guerra dos Irmãos","The Brothers' War","bro","Rivalidade Fraterna","Sibling Rivalry","1","SP","PTEN","C","R","","152",""
"A Guerra dos Irmãos","The Brothers' War","bro","Terras em Desenvolvimento","Evolving Wilds","1","SP","PTEN","C","L","","261",""
"A Guerra dos Irmãos","The Brothers' War","bro","Toptero Reconstruido","Reconstructed Thopter","1","SP","PTEN","U","C","","242",""
"A Guerra dos Irmãos","The Brothers' War","bro","Uniao da Terceira Via","Union of the Third Path","1","SP","PTEN","C","W","","31",""
"A Guerra dos Irmãos","The Brothers' War","bro","Vanguarda da Falange","Phalanx Vanguard","2","SP","PTEN","C","W","","19",""
"A Guerra dos Irmãos (Retro Frame Artifacts)","The Brothers' War (Retro Frame Artifacts)","rfbro","Revestimento Liquometalico","Liquimetal Coating","1","NM","PTEN","U","C","","28",""
"A Quinta Aurora","Fifth Dawn","5dn","Vestimentas Furtivas dos Neuroques","Neurok Stealthsuit","1","SP","PTEN","C","C","","140",""
"A Saga de Urza","Urza's Saga","us","Bravata","Bravado","1","SP","PTEN","C","R","","177",""
"A Saga de Urza","Urza's Saga","us","Manto Flamejante","Fiery Mantle","1","SP","PTEN","C","R","","186",""
"","Adventures in the Forgotten Realms","afr","Armas Improvisadas","Improvised Weaponry","1","SP","PTEN","C","R","","150",""
"","Adventures in the Forgotten Realms","afr","Botas da Velocidade","Boots of Speed","1","SP","PTEN","C","R","","133",""
"","Adventures in the Forgotten Realms","afr","Chuva de Meteoros","Meteor Swarm","1","SP","PTEN","R","R","","155",""
"","Adventures in the Forgotten Realms","afr","Goblin do Grito de Guerra","Battle Cry Goblin","1","NM","EN","U","R","","132",""
"","Adventures in the Forgotten Realms","afr","Maos Flamejantes","Burning Hands","1","SP","PTEN","U","R","","135",""
"","Adventures in the Forgotten Realms","afr","Orcus, Principe da Morte-vida","Orcus, Prince of Undeath","1","SP","PTEN","R","M","","229",""
"","Adventures in the Forgotten Realms","afr","Preco da Lealdade","Price of Loyalty","1","SP","PTEN","C","R","","159",""
"","Adventures in the Forgotten Realms","afr","Voces Veem Dois Goblins","You See a Pair of Goblins","1","SP","PTEN","U","R","","170",""
"Adventures in the Forgotten Realms (Variantes)","Adventures in the Forgotten Realms (Variants)","cbafr","Bugurso Brutamontes","Hulking Bugbear","1","SP","PTEN","U","R","","319",""
"","Aetherdrift","dft","","Beastrider Vanguard","1","SP","PTEN","C","G","","154",""
"","Aetherdrift","dft","Clareira na Selva","Jungle Hollow","1","SP","PTEN","C","L","","256",""
"","Aetherdrift","dft","","Count on Luck","1","SP","PTEN","R","R","","118",""
"","Aetherdrift","dft","","Haunt the Network","1","SP","PTEN","U","M","","207",""
"","Aetherdrift","dft","","Kickoff Celebrations","1","SP","PTEN","C","R","","135",""
"","Aetherdrift","dft","","Lotusguard Disciple","1","SP","PTEN","C","W","","21",""
"","Aetherdrift","dft","","Marauding Mako","2","SP","PTEN","U","R","","138",""
"","Aetherdrift","dft","","Mendicant Core, Guidelight","1","SP","PTEN","R","M","","213",""
"","Aetherdrift","dft","","Night Market","1","SP","PTEN","C","L","","258",""
"","Aetherdrift","dft","Serpente Mecanivora","Gearseeker Serpent","1","SP","PTEN","C","U","","43",""
"","Aetherdrift","dft","","Skybox Ferry","1","SP","PTEN","C","C","","243",""
"","Aetherdrift","dft","","Skycrash","1","SP","PTEN","U","R","","146",""
"","Aetherdrift","dft","","Starting Column","1","SP","PTEN","C","C","","244",""
"","Aetherdrift","dft","","Streaking Oilgorger","1","SP","PTEN","C","B","","107",""
"","Aetherdrift","dft","","Syphon Fuel","1","SP","PTEN","C","B","","108",""
"","Aetherdrift Commander","drc","Baleia-da-mare-eterea","Aethertide Whale","2","SP","PTEN","R","U","","69",""
"","Aetherdrift Commander","drc","Flamitecelao Temerario","Reckless Fireweaver","1","SP","PTEN","C","R","","106",""
"","Aetherdrift Commander","drc","Golpe do Confisco","Confiscation Coup","1","SP","PTEN","R","U","","73",""
"","Aetherdrift Commander","drc","Lampejo de Genialidade","Glimmer of Genius","1","SP","PTEN","U","U","","78",""
"","Aetherdrift Commander","drc","Lanterna Guia-almas","Soul-Guide Lantern","1","SP","PTEN","U","C","","139",""
"","Aetherdrift Commander","drc","Mumia Aprisionadora","Binding Mummy","1","SP","PTEN","C","W","","63",""
"","Aetherdrift Commander","drc","Saheeli, Artifice Sublime","Saheeli, Sublime Artificer","1","SP","PTEN","U","M","","119",""
"","Aetherdrift Commander","drc","Sinete Dimir","Dimir Signet","1","SP","PTEN","U","C","","129",""
"","Aetherdrift Commander","drc","Vastidao Morfoterrena","Terramorphic Expanse","1","SP","PTEN","C","L","","179",""
"","Aetherdrift Commander","drc","Virtuose dos Turbilinos","Whirler Virtuoso","1","SP","PTEN","U","M","","122",""
"Alara Reunida","Alara Reborn","arb","Vestigio de Abundancia","Trace of Abundance","1","SP","PTEN","C","M","","142",""
"","Amonkhet","akh","Adepto da Espada Flamejante","Flameblade Adept","2","SP","PTEN","U","R","","131",""
"","Amonkhet","akh","Alcateia de Hienas","Hyena Pack","1","SP","PTEN","C","R","","139",""
"","Amonkhet","akh","Andarilho Sinistro","Grim Strider","1","SP","PTEN","U","B","","94",""
"","Amonkhet","akh","Assistente de Oketra","Oketra's Attendant","1","SP","PTEN","U","W","","22",""
"","Amonkhet","akh","Buscador do Zenite","Zenith Seeker","1","SP","PTEN","U","U","","77",""
"","Amonkhet","akh","Cartula da Forca","Cartouche of Strength","1","SP","PTEN","C","G","","158",""
"","Amonkhet","akh","Colega de Safra Devotado","Devoted Crop-Mate","2","SP","PTEN","U","W","","10",""
"","Amonkhet","akh","Demolidor da Safra Ahn","Ahn-Crop Crasher","1","SP","PTEN","U","R","","117",""
"","Amonkhet","akh","Dragonete Pescador","Angler Drake","2","SP","PTEN","U","U","","41",""
"","Amonkhet","akh","Enxurrada","Floodwaters","1","SP","PTEN","C","U","","53",""
"","Amonkhet","akh","Escaramucadora da Safra Tah","Tah-Crop Skirmisher","1","SP","PTEN","C","U","","72",""
"","Amonkhet","akh","Escriba do Consciente","Scribe of the Mindful","1","SP","PTEN","C","U","","68",""
"","Amonkhet","akh","Ferramentas do Embalsamador","Embalmer's Tools","1","SP","PTEN","U","C","","227",""
"","Amonkhet","akh","Guerreiro Laminamarga","Bitterblade Warrior","1","SP","PTEN","C","G","","157",""
"","Amonkhet","akh","Libertacao da Dissidente","Dissenter's Deliverance","1","SP","PTEN","C","G","","164",""
"","Amonkhet","akh","Mestre da Lanca da Safra Rhet","Rhet-Crop Spearmaster","1","SP","PTEN","C","W","","26",""
"","Amonkhet","akh","Mumia Pustulenta","Festering Mummy","1","SP","PTEN","C","B","","91",""
"","Amonkhet","akh","Paralisia Decisoria","Decision Paralysis","2","SP","PTEN","C","U","","50",""
"","Amonkhet","akh","Pela Forca","By Force","1","SP","PTEN","U","R","","123",""
"","Amonkhet","akh","Prova do Conhecimento","Trial of Knowledge","1","SP","PTEN","U","U","","73",""
"","Amonkhet","akh","Sacerdotisa da Uncao","Anointer Priest","1","SP","PTEN","C","W","","3",""
"","Amonkhet","akh","Santuario do Rio Luxa","Luxa River Shrine","1","SP","PTEN","C","C","","232",""
"","Amonkhet","akh","Serpente do Rio","River Serpent","1","SP","PTEN","C","U","","66",""
"","Amonkhet","akh","Voz Atormentadora","Tormenting Voice","1","SP","PTEN","C","R","","151",""
"Apocalipse","Apocalypse","ap","Druida do Lamacal","Quagmire Druid","1","SP","PTEN","C","B","","51",""
"Apocalipse","Apocalypse","ap","Esmagar","Smash","1","SP","PTEN","C","R","","69",""
"","Archenemy: Nicol Bolas","e01","Basilisco de Virapau","Turntimber Basilisk","1","SP","PTEN","U","G","","76",""
"As Cavernas Perdidas de Ixalan","The Lost Caverns of Ixalan","lci","Auxilio dos Ancestrais","Ancestors' Aid","2","SP","PTEN","C","R","","132",""
"As Cavernas Perdidas de Ixalan","The Lost Caverns of Ixalan","lci","Biltre Empreendedor","Enterprising Scallywag","1","SP","PTEN","U","R","","148",""
"As Cavernas Perdidas de Ixalan","The Lost Caverns of Ixalan","lci","Charada Confusa","Confounding Riddle","1","SP","PTEN","U","U","","50",""
"As Cavernas Perdidas de Ixalan","The Lost Caverns of Ixalan","lci","Descoberta Audaciosa","Daring Discovery","1","SP","PTEN","C","R","","142",""
"As Cavernas Perdidas de Ixalan","The Lost Caverns of Ixalan","lci","Fortitude Fungica","Fungal Fortitude","1","SP","PTEN","C","B","","106",""
"As Cavernas Perdidas de Ixalan","The Lost Caverns of Ixalan","lci","Galeao Magmatico","Magmatic Galleon","1","SP","PTEN","R","R","","157",""
"As Cavernas Perdidas de Ixalan","The Lost Caverns of Ixalan","lci","Gavinha do Micotirano","Tendril of the Mycotyrant","1","SP","PTEN","U","G","","215",""
"As Cavernas Perdidas de Ixalan","The Lost Caverns of Ixalan","lci","Ira de Bocarra Sinistra","Dreadmaw's Ire","1","SP","PTEN","U","R","","147",""
"As Cavernas Perdidas de Ixalan","The Lost Caverns of Ixalan","lci","Lanterna de Luminofungo","Glowcap Lantern","1","SP","PTEN","U","G","","187",""
"As Cavernas Perdidas de Ixalan","The Lost Caverns of Ixalan","lci","Mangual Atroz","Dire Flail","1","SP","PTEN","R","R","","145",""
"As Cavernas Perdidas de Ixalan","The Lost Caverns of Ixalan","lci","Miliciano do Tiro Solar","Sunshot Militia","2","SP","PTEN","C","R","","168",""
"As Cavernas Perdidas de Ixalan","The Lost Caverns of Ixalan","lci","Monumento Esquecido","Forgotten Monument","1","SP","PTEN","U","L","","272",""
"As Cavernas Perdidas de Ixalan","The Lost Caverns of Ixalan","lci","Morcego da Caverna Profunda","Deep-Cavern Bat","1","SP","PTEN","U","B","","102",""
"As Cavernas Perdidas de Ixalan","The Lost Caverns of Ixalan","lci","O Beligerante","The Belligerent","1","SP","PTEN","R","M","","225",""
"As Cavernas Perdidas de Ixalan","The Lost Caverns of Ixalan","lci","Pirata Saqueador","Plundering Pirate","1","SP","PTEN","C","R","","160",""
"As Cavernas Perdidas de Ixalan","The Lost Caverns of Ixalan","lci","Porta-enigma de Orazca","Orazca Puzzle-Door","1","SP","PTEN","C","U","","68",""
"As Cavernas Perdidas de Ixalan","The Lost Caverns of Ixalan","lci","Reminiscencia Ancestral","Ancestral Reminiscence","1","SP","PTEN","C","U","","45",""
"As Cavernas Perdidas de Ixalan","The Lost Caverns of Ixalan","lci","Risco Tectonico","Tectonic Hazard","1","SP","PTEN","C","R","","169",""
"As Cavernas Perdidas de Ixalan","The Lost Caverns of Ixalan","lci","Tesouro Enterrado","Buried Treasure","1","SP","PTEN","C","C","","246",""
"As Cavernas Perdidas de Ixalan (Showcase)","The Lost Caverns of Ixalan (Showcase)","slci","Ceratopo Rampante","Rampaging Ceratops","1","SP","PTEN","U","R","","322",""
"As Cavernas Perdidas de Ixalan Commander","The Lost Caverns of Ixalan Commander","lcc","Migracao da Manada do Trovao","Thunderherd Migration","1","SP","PTEN","U","G","","259",""
"As Cavernas Perdidas de Ixalan Commander","The Lost Caverns of Ixalan Commander","lcc","Torre de Comando","Command Tower","1","SP","PTEN","C","L","","325",""
"Ascensão das Trevas","Dark Ascension","dka","Mal Imortal","Undying Evil","1","SP","PTEN","C","B","","77",""
"Ascensão dos Eldrazi","Rise of the Eldrazi","roe","Suspiro Procriador","Spawning Breath","1","SP","PTEN","C","R","","164",""
"Assassinato na Mansão Karlov","Murders at Karlov Manor","mkm","A Perseguicao Comecou","The Chase Is On","1","SP","PTEN","C","R","","116",""
"Assassinato na Mansão Karlov","Murders at Karlov Manor","mkm","Caso do Laboratorio Saqueado","Case of the Ransacked Lab","1","SP","PTEN","R","U","","45",""
"Assassinato na Mansão Karlov","Murders at Karlov Manor","mkm","Caso do Pulso Carmesim","Case of the Crimson Pulse","1","SP","PTEN","R","R","","114",""
"Assassinato na Mansão Karlov","Murders at Karlov Manor","mkm","Decodificador Fugitivo","Fugitive Codebreaker","1","SP","PTEN","R","R","","127",""
"Assassinato na Mansão Karlov","Murders at Karlov Manor","mkm","Espiao Feerico","Faerie Snoop","1","SP","PTEN","C","M","","203",""
"Assassinato na Mansão Karlov","Murders at Karlov Manor","mkm","Explosao Mal Sincronizada","Ill-Timed Explosion","1","SP","PTEN","R","M","","207",""
"Assassinato na Mansão Karlov","Murders at Karlov Manor","mkm","Fuga da Prisao","Break Out","1","SP","PTEN","U","M","","190",""
"Assassinato na Mansão Karlov","Murders at Karlov Manor","mkm","Furia Criminosa","Felonious Rage","1","SP","PTEN","C","R","","125",""
"Assassinato na Mansão Karlov","Murders at Karlov Manor","mkm","Helice de Raios","Lightning Helix","1","SP","PTEN","U","M","","218",""
"Assassinato na Mansão Karlov","Murders at Karlov Manor","mkm","Heranca Facilitada","Expedited Inheritance","1","NM","EN","M","R","","123",""
"Assassinato na Mansão Karlov","Murders at Karlov Manor","mkm","Judith, Especialista em Carnificina","Judith, Carnage Connoisseur","1","SP","PTEN","R","M","","210",""
"Assassinato na Mansão Karlov","Murders at Karlov Manor","mkm","Kellan, Prodigio Curioso","Kellan, Inquisitive Prodigy","1","SP","PTEN","R","M","","212",""
"Assassinato na Mansão Karlov","Murders at Karlov Manor","mkm","Krenko, Barao da Rua do Estanho","Krenko, Baron of Tin Street","1","SP","PTEN","R","R","","135",""
"Assassinato na Mansão Karlov","Murders at Karlov Manor","mkm","Ligando os Pontos","Connecting the Dots","1","SP","PTEN","R","R","","118",""
"Assassinato na Mansão Karlov","Murders at Karlov Manor","mkm","Novelista Policial","Crime Novelist","1","SP","PTEN","U","R","","121",""
"Assassinato na Mansão Karlov","Murders at Karlov Manor","mkm","Orangotango Antiengenhoca","Gearbane Orangutan","4","SP","PTEN","C","R","","129",""
"Assassinato na Mansão Karlov","Murders at Karlov Manor","mkm","Zurzidor Kraul","Kraul Whipcracker","1","SP","PTEN","U","M","","213",""
"Assassinato na Mansão Karlov (Magnified)","Murders at Karlov Manor (Magnified)","mfmkm","A Perseguicao Comecou","The Chase Is On","1","SP","PTEN","C","R","Foil","304",""
"Assassinato na Mansão Karlov (Magnified)","Murders at Karlov Manor (Magnified)","mfmkm","Exigir Respostas","Demand Answers","1","SP","PTEN","C","R","","306",""
"Assassinato na Mansão Karlov (Promo)","Murders at Karlov Manor (Promo)","prmkm","Ferox da Danacao dos Machados","Axebane Ferox","1","SP","PTEN","R","G","Foil","428",""
"Assassinato na Mansão Karlov (Promo)","Murders at Karlov Manor (Promo)","prmkm","Melek, Pesquisador Reforjado","Melek, Reforged Researcher","1","SP","PTEN","M","M","Foil","430",""
"Assassinato na Mansão Karlov Commander","Murders at Karlov Manor Commander","mkc","Deserto Hostil","Hostile Desert","1","SP","PTEN","R","L","","266",""
"Assassinato na Mansão Karlov Commander","Murders at Karlov Manor Commander","mkc","Sitio de Escavacao de Tocasia","Tocasia's Dig Site","1","SP","PTEN","C","L","","308",""
"Assassinato na Mansão Karlov Commander","Murders at Karlov Manor Commander","mkc","Vespa Rainha","Hornet Queen","1","SP","PTEN","R","G","","172",""
"Batalha por Zendikar","Battle for Zendikar","bfz","Curandeiro Kalastria","Kalastria Healer","2","SP","PTEN","C","B","","114",""
"Batalha por Zendikar","Battle for Zendikar","bfz","Dragoa Avernea de Akoum","Akoum Hellkite","2","SP","PTEN","R","R","","139",""
"Batalha por Zendikar","Battle for Zendikar","bfz","Enlacadores Kor","Kor Entanglers","1","SP","PTEN","U","W","","36",""
"Batalha por Zendikar","Battle for Zendikar","bfz","Espinho Serpenteante","Serpentine Spike","1","SP","PTEN","R","R","","133",""
"Batalha por Zendikar","Battle for Zendikar","bfz","Geopede Tunelador","Tunneling Geopede","1","SP","PTEN","U","R","","158",""
"Batalha por Zendikar","Battle for Zendikar","bfz","Lamina-veloz Kor","Kor Bladewhirl","1","SP","PTEN","U","W","","34",""
"Batalha por Zendikar","Battle for Zendikar","bfz","Patrulheiro de Murasa","Murasa Ranger","3","SP","PTEN","U","G","","178",""
"Batalha por Zendikar","Battle for Zendikar","bfz","Pintura de Guerra Goblin","Goblin War Paint","1","SP","PTEN","C","R","","146",""
"Batalha por Zendikar","Battle for Zendikar","bfz","Pioneiro da Carnificina","Forerunner of Slaughter","1","SP","PTEN","U","M","","204",""
"Batalha por Zendikar","Battle for Zendikar","bfz","Pulso Amortecedor","Dampening Pulse","1","SP","PTEN","U","U","","75",""
"Batalha por Zendikar","Battle for Zendikar","bfz","Subjugador de Exercitos","Breaker of Armies","1","SP","PTEN","U","C","","3",""
"Batalha por Zendikar","Battle for Zendikar","bfz","Sublevacao Vulcanica","Volcanic Upheaval","1","SP","PTEN","C","R","","161",""
"Batalha por Zendikar","Battle for Zendikar","bfz","Suplantar em Numero","Outnumber","1","SP","PTEN","C","R","","150",""
"Batalha por Zendikar","Battle for Zendikar","bfz","Terras em Desenvolvimento","Evolving Wilds","1","SP","PTEN","C","L","","236",""
"Batalha por Zendikar","Battle for Zendikar","bfz","Troante do Bosque","Grove Rumbler","1","SP","PTEN","U","M","","211",""
"","Battlebond","bbd","","Cheering Fanatic","1","SP","PTEN","U","R","","58",""
"","Battlebond","bbd","Enxame de Sanguinomosca","Swarm of Bloodflies","1","SP","PTEN","U","B","","161",""
"","Battlebond","bbd","Forca Magmatica","Magmatic Force","1","SP","PTEN","R","R","","181",""
"","Battlebond","bbd","Iniciada Abre-estrada","Pathmaker Initiate","1","SP","PTEN","C","R","","182",""
"","Battlebond","bbd","Labareda","Blaze","1","SP","PTEN","U","R","","167",""
"","Battlebond","bbd","Liderar Pelo Exemplo","Lead by Example","1","SP","PTEN","C","G","","205",""
"","Battlebond","bbd","Mao de Silumgar","Hand of Silumgar","1","SP","PTEN","C","B","","146",""
"","Battlebond","bbd","Percepcao do Oraculo","Oracle's Insight","1","SP","PTEN","U","U","","127",""
"","Battlebond","bbd","Saqueador da Fronteira","Borderland Marauder","3","SP","PTEN","C","R","","170",""
"","Battlebond","bbd","Seguranca do Clube Prakhata","Prakhata Club Security","3","SP","PTEN","C","B","","155",""
"Bloomburrow","Bloomburrow","blb","","Agate Assault","1","SP","PTEN","C","R","","122",""
"Bloomburrow","Bloomburrow","blb","","Alania's Pathmaker","2","SP","PTEN","C","R","","123",""
"Bloomburrow","Bloomburrow","blb","","Bellowing Crier","2","SP","PTEN","C","U","","42",""
"Bloomburrow","Bloomburrow","blb","","Blacksmith's Talent","2","SP","PTEN","U","R","","125",""
"Bloomburrow","Bloomburrow","blb","","Blooming Blast","1","SP","PTEN","U","R","","126",""
"Bloomburrow","Bloomburrow","blb","","Bonebind Orator","2","SP","PTEN","C","B","","84",""
"Bloomburrow","Bloomburrow","blb","","Brave-Kin Duo","2","SP","PTEN","C","W","","3",""
"Bloomburrow","Bloomburrow","blb","","Brazen Collector","3","SP","PTEN","U","R","","128",""
"Bloomburrow","Bloomburrow","blb","","Byway Barterer","1","SP","PTEN","R","R","","129",""
"Bloomburrow","Bloomburrow","blb","","Calamitous Tide","2","SP","PTEN","U","U","","43",""
"Bloomburrow","Bloomburrow","blb","","Cindering Cutthroat","1","SP","PTEN","C","M","","208",""
"Bloomburrow","Bloomburrow","blb","","Clifftop Lookout","1","SP","PTEN","U","G","","168",""
"Bloomburrow","Bloomburrow","blb","","Conduct Electricity","1","SP","PTEN","C","R","","130",""
"Bloomburrow","Bloomburrow","blb","","Corpseberry Cultivator","1","SP","PTEN","C","M","","210",""
"Bloomburrow","Bloomburrow","blb","","Curious Forager","1","SP","PTEN","U","G","","169",""
"Bloomburrow","Bloomburrow","blb","","Daggerfang Duo","1","SP","PTEN","C","B","","89",""
"Bloomburrow","Bloomburrow","blb","","Darkstar Augur","1","NM","PTEN","R","B","","90",""
"Bloomburrow","Bloomburrow","blb","","Dreamdew Entrancer","1","SP","PTEN","R","M","","211",""
"Bloomburrow","Bloomburrow","blb","","Druid of the Spade","3","SP","PTEN","C","G","","170",""
"Bloomburrow","Bloomburrow","blb","","Early Winter","1","SP","PTEN","C","B","","93",""
"Bloomburrow","Bloomburrow","blb","","Feather of Flight","1","SP","PTEN","U","W","","13",""
"Bloomburrow","Bloomburrow","blb","","Fecund Greenshell","1","SP","PTEN","R","G","","171",""
"Bloomburrow","Bloomburrow","blb","","Fell","1","SP","PTEN","U","B","","95",""
"Bloomburrow","Bloomburrow","blb","","Festival of Embers","1","SP","PTEN","R","R","","134",""
"Bloomburrow","Bloomburrow","blb","","Fountainport Bell","1","SP","PTEN","C","C","","245",""
"Bloomburrow","Bloomburrow","blb","Fugir Juntos","Run Away Together","1","SP","PTEN","C","U","","67",""
"Bloomburrow","Bloomburrow","blb","","Glidedive Duo","1","SP","PTEN","C","B","","96",""
"Bloomburrow","Bloomburrow","blb","","Gossip's Talent","1","SP","PTEN","U","U","","51",""
"Bloomburrow","Bloomburrow","blb","","Harvestrite Host","1","SP","PTEN","U","W","","15",""
"Bloomburrow","Bloomburrow","blb","","Head of the Homestead","1","SP","PTEN","C","M","","216",""
"Bloomburrow","Bloomburrow","blb","","Heaped Harvest","2","SP","PTEN","C","G","","175",""
"Bloomburrow","Bloomburrow","blb","","Hearthborn Battler","1","NM","EN","R","R","","139",""
"Bloomburrow","Bloomburrow","blb","","Hidden Grotto","4","SP","PTEN","C","L","","254",""
"Bloomburrow","Bloomburrow","blb","","Honored Dreyleader","1","SP","PTEN","U","G","","178",""
"Bloomburrow","Bloomburrow","blb","","Hop to It","2","SP","PTEN","U","W","","16",""
"Bloomburrow","Bloomburrow","blb","","Jolly Gerbils","1","SP","PTEN","U","W","","19",""
"Bloomburrow","Bloomburrow","blb","","Junkblade Bruiser","1","SP","PTEN","C","M","","220",""
"Bloomburrow","Bloomburrow","blb","","Kindlespark Duo","3","SP","PTEN","C","R","","142",""
"Bloomburrow","Bloomburrow","blb","","Kitnap","1","SP","PTEN","R","U","","53",""
"Bloomburrow","Bloomburrow","blb","","Lifecreed Duo","2","SP","PTEN","C","W","","20",""
"Bloomburrow","Bloomburrow","blb","","Lilysplash Mentor","1","SP","PTEN","U","M","","222",""
"Bloomburrow","Bloomburrow","blb","","Long River Lurker","1","SP","PTEN","U","U","","57",""
"Bloomburrow","Bloomburrow","blb","","Longstalk Brawl","1","SP","PTEN","C","G","","182",""
"Bloomburrow","Bloomburrow","blb","","Lupinflower Village","1","SP","PTEN","U","L","","256",""
"Bloomburrow","Bloomburrow","blb","","Might of the Meek","1","SP","PTEN","C","R","Foil","144",""
"Bloomburrow","Bloomburrow","blb","","Mind Spiral","1","SP","PTEN","C","U","","59",""
"Bloomburrow","Bloomburrow","blb","","Moonrise Cleric","2","SP","PTEN","C","M","","226",""
"Bloomburrow","Bloomburrow","blb","","Mouse Trapper","1","SP","PTEN","U","W","","22",""
"Bloomburrow","Bloomburrow","blb","","Nettle Guard","1","SP","PTEN","C","W","","23",""
"Bloomburrow","Bloomburrow","blb","","Osteomancer Adept","1","SP","PTEN","R","B","","103",""
"Bloomburrow","Bloomburrow","blb","","Pawpatch Formation","1","SP","PTEN","U","G","","186",""
"Bloomburrow","Bloomburrow","blb","","Pearl of Wisdom","1","SP","PTEN","C","U","","64",""
"Bloomburrow","Bloomburrow","blb","","Peerless Recycling","1","SP","PTEN","U","G","","188",""
"Bloomburrow","Bloomburrow","blb","","Pileated Provisioner","1","SP","PTEN","C","W","","25",""
"Bloomburrow","Bloomburrow","blb","","Playful Shove","2","SP","PTEN","U","R","","145",""
"Bloomburrow","Bloomburrow","blb","","Polliwallop","1","SP","PTEN","C","G","","189",""
"Bloomburrow","Bloomburrow","blb","","Quaketusk Boar","1","SP","PTEN","U","R","","146",""
"Bloomburrow","Bloomburrow","blb","","Rabbit Response","2","SP","PTEN","C","W","","26",""
"Bloomburrow","Bloomburrow","blb","","Rabid Gnaw","2","SP","PTEN","U","R","","147",""
"Bloomburrow","Bloomburrow","blb","","Ravine Raider","2","SP","PTEN","C","B","","106",""
"Bloomburrow","Bloomburrow","blb","Robustecer","Shore Up","1","SP","PTEN","C","U","","69",""
"Bloomburrow","Bloomburrow","blb","","Roughshod Duo","1","SP","PTEN","C","R","","150",""
"Bloomburrow","Bloomburrow","blb","","Rust-Shield Rampager","1","SP","PTEN","C","G","","190",""
"Bloomburrow","Bloomburrow","blb","","Ruthless Negotiation","1","SP","PTEN","U","B","","108",""
"Bloomburrow","Bloomburrow","blb","","Sazacap's Brew","3","SP","PTEN","C","R","","151",""
"Bloomburrow","Bloomburrow","blb","","Shrike Force","1","SP","PTEN","U","W","","31",""
"Bloomburrow","Bloomburrow","blb","","Skyskipper Duo","2","SP","PTEN","C","U","","71",""
"Bloomburrow","Bloomburrow","blb","","Starseer Mentor","1","SP","PTEN","U","M","","233",""
"Bloomburrow","Bloomburrow","blb","","Steampath Charger","1","SP","PTEN","C","R","","153",""
"Bloomburrow","Bloomburrow","blb","","Stickytongue Sentinel","2","SP","PTEN","C","G","","193",""
"Bloomburrow","Bloomburrow","blb","","Sugar Coat","1","SP","PTEN","U","U","","76",""
"Bloomburrow","Bloomburrow","blb","","Take Out the Trash","2","SP","PTEN","C","R","","156",""
"Bloomburrow","Bloomburrow","blb","","Three Tree Mascot","1","SP","PTEN","C","C","","251",""
"Bloomburrow","Bloomburrow","blb","","Treeguard Duo","1","SP","PTEN","C","G","","200",""
"Bloomburrow","Bloomburrow","blb","","Valley Rotcaller","1","SP","PTEN","R","B","","119",""
"Bloomburrow","Bloomburrow","blb","","Veteran Guardmouse","1","SP","PTEN","C","M","","237",""
"Bloomburrow","Bloomburrow","blb","","War Squeak","2","SP","PTEN","C","R","","160",""
"Bloomburrow","Bloomburrow","blb","","Warren Elder","1","SP","PTEN","C","W","","37",""
"Bloomburrow","Bloomburrow","blb","","Waterspout Warden","1","SP","PTEN","C","U","","80",""
"Bloomburrow","Bloomburrow","blb","","Wear Down","1","SP","PTEN","U","G","","203",""
"Bloomburrow","Bloomburrow","blb","","Wildfire Howl","3","SP","PTEN","U","R","","162",""
"Bloomburrow Commander","Bloomburrow Commander","blc","Arquivo de Edro","Hedron Archive","1","SP","PTEN","U","C","","275",""
"Bloomburrow Commander","Bloomburrow Commander","blc","Caverna Esquecida","Forgotten Cave","1","SP","PTEN","C","L","","305",""
"Bloomburrow Commander","Bloomburrow Commander","blc","Grumgully, o Generoso","Grumgully, the Generous","1","SP","PTEN","U","M","","253",""
"Bloomburrow Commander","Bloomburrow Commander","blc","Grumgully, o Generoso","Grumgully, the Generous","1","NM","PT","U","M","","253",""
"Bloomburrow Commander","Bloomburrow Commander","blc","Lamina Noturna de Nadier","Nadier's Nightblade","1","SP","PTEN","U","B","","184",""
"Bloomburrow Commander","Bloomburrow Commander","blc","Pomar Exotico","Exotic Orchard","1","SP","PTEN","R","L","","131",""
"Bloomburrow Commander","Bloomburrow Commander","blc","Reptil da Psicose","Psychosis Crawler","1","SP","PTEN","R","C","","282",""
"Bloomburrow Commander","Bloomburrow Commander","blc","Trilha de Caca","Game Trail","1","SP","PTEN","R","L","","306",""
"Campeões de Kamigawa","Champions of Kamigawa","chk","Akki Corredor da Lava // Tok-Tok, Filho do Vulcao","Akki Lavarunner // Tok-Tok, Volcano Born","1","SP","PTEN","R","R","","153",""
"Campeões de Kamigawa","Champions of Kamigawa","chk","Lacerar a Carne","Rend Flesh","1","SP","PTEN","C","B","","140",""
"Campeões de Kamigawa","Champions of Kamigawa","chk","Sabotador Akki","Akki Underminer","1","SP","PTEN","U","R","","155",""
"Cicatrizes de Mirrodin","Scars of Mirrodin","som","Erupcao Cerebral (Cerebral Eruption)","Cerebral Eruption","1","SP","PTEN","R","R","","86",""
"Cicatrizes de Mirrodin","Scars of Mirrodin","som","Igneo do Tunel","Tunnel Ignus","2","NM","EN","R","R","","105",""
"Cicatrizes de Mirrodin","Scars of Mirrodin","som","Myr de Ferro","Iron Myr","1","SP","PTEN","C","C","","168",""
"Cicatrizes de Mirrodin","Scars of Mirrodin","som","Renascimento de Kuldotha","Kuldotha Rebirth","1","SP","PTEN","C","R","","96",""
"","Commander","cmd","Acoitar","Lash Out","2","SP","PTEN","C","R","","127",""
"","Commander 2013","c13","Exarca Enganador","Deceiver Exarch","1","SP","PTEN","U","U","","37",""
"","Commander 2014","c14","Procissao Espectral","Spectral Procession","2","SP","PTEN","U","W","","90",""
"","Commander 2016","c16","Slobad, Funileiro Goblin","Slobad, Goblin Tinkerer","2","SP","PTEN","R","R","","133",""
"","Commander 2018","c18","Emissario do Ressentimento","Emissary of Grudges","1","SP","PTEN","R","R","","20",""
"","Commander 2018","c18","Tempestade da Genese","Genesis Storm","1","SP","PTEN","R","G","","30",""
"","Commander 2018","c18","Topterista Dissidente","Maverick Thopterist","1","SP","PTEN","U","M","","185",""
"","Commander 2019","c19","Fenix do Fogo Celeste","Skyfire Phoenix","1","SP","PTEN","R","R","","28",""
"","Commander 2019","c19","Lago Montanhes","Highland Lake","1","SP","PTEN","U","L","","251",""
"","Commander 2019","c19","Manticora Fura-coracao","Heart-Piercer Manticore","1","SP","PTEN","R","R","","146",""
"","Commander 2020","c20","Iluminacao Hieroglifica","Hieroglyphic Illumination","1","SP","PTEN","C","U","","112",""
"","Commander 2020","c20","Niv-Mizzet, o Mente de Fogo","Niv-Mizzet, the Firemind","1","SP","PTEN","R","M","","225",""
"","Commander 2020","c20","Reforma Tectonica","Tectonic Reformation","1","SP","PTEN","R","R","","162",""
"","Commander 2020","c20","Socorrista Aereo","Aerial Responder","1","SP","PTEN","U","W","","72",""
"","Commander 2020","c20","Wydwen, a Ventania Mordaz","Wydwen, the Biting Gale","1","SP","PTEN","R","M","","235",""
"","Commander 2021","c21","Artista Performatica Radiante","Radiant Performer","1","SP","PTEN","R","R","","54",""
"","Commander 2021","c21","Fonte Radiante","Radiant Fountain","1","SP","PTEN","C","L","","310",""
"","Commander 2021","c21","Garruk, Cacador Primal","Garruk, Primal Hunter","1","SP","PTEN","M","G","","190",""
"","Commander 2021","c21","Inteligencia do Enxame","Swarm Intelligence","1","SP","PTEN","R","U","","130",""
"","Commander 2021","c21","Medalhao Boros","Boros Locket","1","SP","PTEN","C","C","","236",""
"","Commander 2021","c21","Pia Nalaar","Pia Nalaar","1","SP","PTEN","R","R","","177",""
"","Commander Anthology","cma2","Crianca Sanguinaria","Blood Bairn","1","SP","PTEN","C","B","","49",""
"","Commander Anthology 2018","cm2","","Beetleback Chief","1","SP","PTEN","U","R","","83",""
"","Commander Anthology 2018","cm2","","Bitter Feud","1","SP","PTEN","R","R","","84",""
"","Commander Anthology 2018","cm2","Entreposto","Trading Post","1","SP","PTEN","R","C","","225",""
"","Commander Anthology 2018","cm2","Gigante Petrochoque","Stoneshock Giant","1","SP","PTEN","U","R","","120",""
"","Commander Anthology 2018","cm2","","Impact Resonance","2","NM","EN","R","R","","107",""
"","Commander Anthology 2018","cm2","Penhasco Vivido","Vivid Crag","1","SP","PTEN","U","L","","276",""
"","Commander Anthology 2018","cm2","Queda do Martelo","Fall of the Hammer","1","SP","PTEN","C","R","","97",""
"","Commander Anthology 2018","cm2","Vulcao Inativo","Dormant Volcano","1","SP","PTEN","U","L","","246",""
"","Commander Legends","cmr","Agente da Dhund","Dhund Operative","1","SP","PTEN","C","B","","119",""
"","Commander Legends","cmr","Apressar","Expedite","4","SP","PTEN","C","R","","413",""
"","Commander Legends","cmr","Aranha Lanca-Ferrao","Stingerfling Spider","1","SP","PTEN","U","G","","258",""
"","Commander Legends","cmr","Canhonada Ardente","Fiery Cannonade","2","SP","PTEN","C","R","","178",""
"","Commander Legends","cmr","Caverna Esquecida","Forgotten Cave","1","SP","PTEN","C","L","","483",""
"","Commander Legends","cmr","Corvo das Noticias Sombrias","Crow of Dark Tidings","1","SP","PTEN","C","B","","115",""
"","Commander Legends","cmr","Desbravador Goblin","Goblin Trailblazer","1","SP","PTEN","C","R","","182",""
"","Commander Legends","cmr","Despir da Realidade","Peel from Reality","1","SP","PTEN","C","U","","402",""
"","Commander Legends","cmr","Goblin Escarafunchador","Rummaging Goblin","1","NM","EN","C","R","","198",""
"","Commander Legends","cmr","Invocador de Nulos","Null Caller","1","SP","PTEN","U","B","","140",""
"","Commander Legends","cmr","Machado Amorfo","Amorphous Axe","1","SP","PTEN","C","C","","295",""
"","Commander Legends","cmr","Manto de Dragao","Dragon Mantle","1","SP","PTEN","C","R","","174",""
"","Commander Legends","cmr","Memorial a Guerra","Memorial to War","1","SP","PTEN","U","L","","486",""
"","Commander Legends","cmr","Patrulheiro da Nona Ponte","Ninth Bridge Patrol","3","SP","PTEN","C","W","","33",""
"","Commander Legends","cmr","Penhasco Marcado pelo Vento","Wind-Scarred Crag","1","SP","PTEN","C","L","","502",""
"","Commander Legends","cmr","Ricochete Selvagem","Wild Ricochet","1","SP","PTEN","R","R","","419",""
"","Commander Legends","cmr","Solvente Universal","Universal Solvent","2","SP","PTEN","C","C","","347",""
"","Commander Legends","cmr","Tatica dos Renegados","Renegade Tactics","1","SP","PTEN","C","R","","195",""
"","Commander Legends","cmr","Tiro do Aerobaleeiro","Skywhaler's Shot","1","SP","PTEN","C","W","","46",""
"","Commander Legends","cmr","Vorme Vasculhador","Sifter Wurm","1","SP","PTEN","U","G","","254",""
"Commander Legends: Batalha por Portal de Baldur","Commander Legends: Battle for Baldur's Gate","clb","Acolito de Bahamut","Acolyte of Bahamut","2","SP","PTEN","U","G","","212",""
"Commander Legends: Batalha por Portal de Baldur","Commander Legends: Battle for Baldur's Gate","clb","Anciao da Tribo Sakura","Sakura-Tribe Elder","1","SP","PTEN","C","G","","832",""
"Commander Legends: Batalha por Portal de Baldur","Commander Legends: Battle for Baldur's Gate","clb","Armadura de Sombras","Armor of Shadows","1","SP","PTEN","C","B","","112",""
"Commander Legends: Batalha por Portal de Baldur","Commander Legends: Battle for Baldur's Gate","clb","Contato Extraplanar","Contact Other Plane","1","SP","PTEN","C","U","","62",""
"Commander Legends: Batalha por Portal de Baldur","Commander Legends: Battle for Baldur's Gate","clb","Contingencia de Bane","Bane's Contingency","1","SP","PTEN","U","U","","57",""
"Commander Legends: Batalha por Portal de Baldur","Commander Legends: Battle for Baldur's Gate","clb","Diamante de Fogo","Fire Diamond","2","SP","PTEN","C","C","","313",""
"Commander Legends: Batalha por Portal de Baldur","Commander Legends: Battle for Baldur's Gate","clb","Diamante de Limo","Moss Diamond","1","SP","PTEN","C","C","","327",""
"Commander Legends: Batalha por Portal de Baldur","Commander Legends: Battle for Baldur's Gate","clb","Envenenar a Lamina","Poison the Blade","1","SP","PTEN","C","G","","248",""
"Commander Legends: Batalha por Portal de Baldur","Commander Legends: Battle for Baldur's Gate","clb","Erinis, Espreitadora Sombria","Erinis, Gloom Stalker","1","SP","PTEN","U","G","","230",""
"Commander Legends: Batalha por Portal de Baldur","Commander Legends: Battle for Baldur's Gate","clb","Explosao Solar Esculpida","Sculpted Sunburst","1","SP","PTEN","R","W","","42",""
"Commander Legends: Batalha por Portal de Baldur","Commander Legends: Battle for Baldur's Gate","clb","Fanaticos de Tiamat","Tiamat's Fanatics","1","SP","PTEN","C","R","","202",""
"Commander Legends: Batalha por Portal de Baldur","Commander Legends: Battle for Baldur's Gate","clb","Flagraram Voce Roubando","You've Been Caught Stealing","1","SP","PTEN","C","R","","211",""
"Commander Legends: Batalha por Portal de Baldur","Commander Legends: Battle for Baldur's Gate","clb","Fugir Juntos","Run Away Together","1","SP","PTEN","C","U","","92",""
"Commander Legends: Batalha por Portal de Baldur","Commander Legends: Battle for Baldur's Gate","clb","Fumarola Errante","Wandering Fumarole","1","SP","PTEN","R","L","","928",""
"Commander Legends: Batalha por Portal de Baldur","Commander Legends: Battle for Baldur's Gate","clb","Livaan, Cultista de Tiamat","Livaan, Cultist of Tiamat","1","SP","PTEN","U","R","","188",""
"Commander Legends: Batalha por Portal de Baldur","Commander Legends: Battle for Baldur's Gate","clb","Lozhan, Legado dos Dragoes","Lozhan, Dragons' Legacy","1","SP","PTEN","U","M","","281",""
"Commander Legends: Batalha por Portal de Baldur","Commander Legends: Battle for Baldur's Gate","clb","Olho do Peregrino","Pilgrim's Eye","1","SP","PTEN","C","C","","333",""
"Commander Legends: Batalha por Portal de Baldur","Commander Legends: Battle for Baldur's Gate","clb","Olhos Noturnos","Goggles of Night","1","SP","PTEN","C","U","","74",""
"Commander Legends: Batalha por Portal de Baldur","Commander Legends: Battle for Baldur's Gate","clb","Pastora de Urso-coruja","Owlbear Shepherd","1","SP","PTEN","U","G","","247",""
"Commander Legends: Batalha por Portal de Baldur","Commander Legends: Battle for Baldur's Gate","clb","Portao do Penhasco","Cliffgate","1","SP","PTEN","C","L","","350",""
"Commander Legends: Batalha por Portal de Baldur","Commander Legends: Battle for Baldur's Gate","clb","Quimiomante Izzet","Izzet Chemister","1","SP","PTEN","R","R","","798",""
"Commander Legends: Batalha por Portal de Baldur","Commander Legends: Battle for Baldur's Gate","clb","Skanos Coracao Draconico","Skanos Dragonheart","1","SP","PTEN","U","G","","255",""
"Commander Legends: Batalha por Portal de Baldur","Commander Legends: Battle for Baldur's Gate","clb","Torre de Comando","Command Tower","1","SP","PTEN","C","L","","351",""
"Commander Legends: Batalha por Portal de Baldur","Commander Legends: Battle for Baldur's Gate","clb","Tremor de Terra","Earth Tremor","1","SP","PTEN","C","R","","171",""
"Commander Legends: Batalha por Portal de Baldur","Commander Legends: Battle for Baldur's Gate","clb","Valentao de Taverna","Tavern Brawler","1","SP","PTEN","C","R","","200",""
"Commander Legends: Batalha por Portal de Baldur","Commander Legends: Battle for Baldur's Gate","clb","Voces se Encontram numa Taverna","You Meet in a Tavern","1","SP","PTEN","C","G","","263",""
"Commander Legends: Batalha por Portal de Baldur (Rulebook)","Commander Legends: Battle for Baldur's Gate (Rulebook)","rbclb","Diamante Celeste","Sky Diamond","1","SP","PTEN","C","C","","449",""
"Commander Legends: Batalha por Portal de Baldur (Rulebook)","Commander Legends: Battle for Baldur's Gate (Rulebook)","rbclb","Fenix Nemesis","Nemesis Phoenix","1","SP","PTEN","U","R","","403",""
"Commander Legends: Batalha por Portal de Baldur (Rulebook)","Commander Legends: Battle for Baldur's Gate (Rulebook)","rbclb","Olhos Noturnos","Goggles of Night","1","SP","PTEN","C","U","","384",""
"Commander Legends: Batalha por Portal de Baldur (Rulebook)","Commander Legends: Battle for Baldur's Gate (Rulebook)","rbclb","Renari, Comerciante de Maravilhas","Renari, Merchant of Marvels","1","SP","PTEN","U","U","","386",""
"","Commander Masters","cmm","Anax, Temperado na Forja","Anax, Hardened in the Forge","1","SP","PTEN","U","R","","204",""
"","Commander Masters","cmm","Atirador da Sarjeta","Guttersnipe","2","SP","PTEN","C","R","","229",""
"","Commander Masters","cmm","Cinereia, a Peregrina","Ashling the Pilgrim","2","SP","PTEN","R","R","","205",""
"","Commander Masters","cmm","Contorcao Espacial","Spatial Contortion","1","SP","PTEN","U","C","","809",""
"","Commander Masters","cmm","Escalada Furiosa","Furious Rise","2","SP","PTEN","U","R","","225",""
"","Commander Masters","cmm","Escopo do Explorador","Explorer's Scope","1","SP","PTEN","C","C","","380",""
"","Commander Masters","cmm","Forja de Herois","Forge of Heroes","1","SP","PTEN","C","L","","995",""
"","Commander Masters","cmm","Furia de Batalha Temur","Temur Battle Rage","2","SP","PTEN","C","R","","264",""
"","Commander Masters","cmm","Gatuno Impulsivo","Impulsive Pilferer","2","SP","PTEN","C","R","","234",""
"","Commander Masters","cmm","Goblin Atira-Ferroes","Spikeshot Goblin","1","SP","PTEN","C","R","","256",""
"","Commander Masters","cmm","Golem do Geodo","Geode Golem","1","SP","PTEN","U","C","","386",""
"","Commander Masters","cmm","Kaho, Historiadora de Minamo","Kaho, Minamo Historian","1","SP","PTEN","U","U","","101",""
"","Commander Masters","cmm","Lente Prismatica","Prismatic Lens","1","SP","PTEN","C","C","","403",""
"","Commander Masters","cmm","Manto Assombrado","Haunted Cloak","1","SP","PTEN","C","C","","389",""
"","Commander Masters","cmm","Melek, Paradigma dos Izzet","Melek, Izzet Paragon","1","SP","PTEN","U","M","Foil","345",""
"","Commander Masters","cmm","Municoes Improvisadas","Makeshift Munitions","3","SP","PTEN","C","R","","242",""
"","Commander Masters","cmm","Narset, Mestra Iluminada","Narset, Enlightened Master","1","SP","PTEN","M","M","","931",""
"","Commander Masters","cmm","O Opressor","Rapacious One","1","SP","PTEN","C","R","","249",""
"","Commander Masters","cmm","Punhos Chamejantes","Fists of Flame","4","SP","PTEN","C","R","","223",""
"","Commander Masters","cmm","Recluso Mortal","Deadly Recluse","1","SP","PTEN","C","G","","282",""
"","Commander Masters","cmm","Rede dos Aneis de Mago","Mage-Ring Network","1","SP","PTEN","U","L","","1009",""
"","Commander Masters","cmm","Resistencia Sobrenatural","Supernatural Stamina","1","SP","PTEN","C","B","","188",""
"","Commander Masters","cmm","Reverberacao Repetida","Repeated Reverberation","1","SP","PTEN","R","R","","879",""
"","Commander Masters","cmm","Ruina de Bala Ged","Bane of Bala Ged","1","SP","PTEN","U","C","","802",""
"","Commander Masters","cmm","Saqueador il-Kor","Looter il-Kor","1","SP","PTEN","C","U","","102",""
"","Commander Masters","cmm","Squee, Nabobo Goblin","Squee, Goblin Nabob","1","SP","PTEN","U","R","","258",""
"","Commander Masters","cmm","Subira, Caravaneira Tulzidi","Subira, Tulzidi Caravanner","1","SP","PTEN","U","R","","261",""
"","Commander Masters","cmm","Tudo que Reluz","All That Glitters","1","SP","PTEN","C","W","","9",""
"","Commander Masters","cmm","Zada, Moedora de Edros","Zada, Hedron Grinder","1","SP","PTEN","U","R","","268",""
"","Commander Masters (Promo)","pcmm","Quebrar o Decoro","Disrupt Decorum","1","SP","PTEN","R","R","Foil","1067",""
"Confluência","Conflux","con","Banquete Miseravel","Wretched Banquet","1","SP","PTEN","C","B","","56",""
"Conjunção","Planeshift","ps","Sentinela Mogg","Mogg Sentry","2","SP","PTEN","R","R","","69",""
"","Conspiracy","cns","Poder do Fogo","Power of Fire","1","SP","PTEN","C","R","","150",""
"","Conspiracy: Take the Crown","cn2","","Animus of Predation","1","SP","PTEN","U","G","","60",""
"","Conspiracy: Take the Crown","cn2","Dispensar","Dismiss","1","SP","PTEN","U","U","","108",""
"","Conspiracy: Take the Crown","cn2","Divinacao","Divination","1","SP","PTEN","C","U","","109",""
"","Conspiracy: Take the Crown","cn2","Drogar com Luvalua","Lace with Moonglove","1","SP","PTEN","C","G","","184",""
"","Conspiracy: Take the Crown","cn2","","Smuggler Captain","1","SP","PTEN","U","B","","47",""
"","Conspiracy: Take the Crown","cn2","Unicornio Opalino","Opaline Unicorn","1","SP","PTEN","C","C","","213",""
"Contos da Terra Média Commander","Tales of Middle-earth Commander","ltc","Campo da Ruina","Field of Ruin","1","SP","PTEN","U","L","","308",""
"Contos da Terra Média Commander","Tales of Middle-earth Commander","ltc","Crescimento Exuberante","Rampant Growth","1","SP","PTEN","C","G","","257",""
"Contos da Terra Média Commander","Tales of Middle-earth Commander","ltc","Lignificar","Lignify","1","SP","PTEN","C","G","","252",""
"Contos Encantados","Enchanting Tales","wot","Fulgor de Mana","Mana Flare","1","SP","PTEN","R","R","","46",""
"Contos Encantados","Enchanting Tales","wot","Linha de Forca do Relampago","Leyline of Lightning","1","SP","PTEN","R","R","","45",""
"Contos Encantados","Enchanting Tales","wot","Temporada de Crescimento","Season of Growth","1","SP","PTEN","U","G","","61",""
"Contos Encantados","Enchanting Tales","wot","Temporada de Crescimento","Season of Growth","1","NM","PT","U","G","","61",""
"","Core Set 2019","m19","Arauta do Manto de Bruma","Mist-Cloaked Herald","1","SP","PTEN","C","U","","310",""
"","Core Set 2019","m19","Basilisco Dorso-de-Adaga","Daggerback Basilisk","1","SP","PTEN","C","G","","174",""
"","Core Set 2019","m19","Conjuracao Dobrada","Doublecast","1","SP","PTEN","U","R","","137",""
"","Core Set 2019","m19","Desfiladeiro da Mata","Timber Gorge","3","SP","PTEN","C","L","","258",""
"","Core Set 2019","m19","Divinacao","Divination","1","SP","PTEN","C","U","","51",""
"","Core Set 2019","m19","Golpe Relampejante","Lightning Strike","1","NM","EN","U","R","","152",""
"","Core Set 2019","m19","Guia de Ghirapur","Ghirapur Guide","1","SP","PTEN","U","G","","182",""
"","Core Set 2019","m19","Motivador Goblin","Goblin Motivator","3","SP","PTEN","C","R","","143",""
"","Core Set 2019","m19","Naturalizar","Naturalize","2","SP","PTEN","C","G","","190",""
"","Core Set 2019","m19","Resistencia Anormal","Abnormal Endurance","1","SP","PTEN","C","B","","85",""
"","Core Set 2019","m19","Soar da Trombeta","Trumpet Blast","3","SP","PTEN","C","R","","165",""
"","Core Set 2019","m19","Veterano das Saraivadas","Volley Veteran","1","SP","PTEN","U","R","","168",""
"","Core Set 2019","m19","Voz Atormentadora","Tormenting Voice","2","SP","PTEN","C","R","","164",""
"","Core Set 2020","m20","Aeronauta de Adaga-delta","Daggersail Aeronaut","1","SP","PTEN","C","R","","133",""
"","Core Set 2020","m20","Agressor Goblin","Goblin Assailant","1","SP","PTEN","C","R","","330",""
"","Core Set 2020","m20","Antecipar","Anticipate","2","SP","PTEN","C","U","","45",""
"","Core Set 2020","m20","Aranha Baldaquina","Canopy Spider","1","SP","PTEN","C","G","","339",""
"","Core Set 2020","m20","Ataque Aereo Temerario","Reckless Air Strike","1","SP","PTEN","C","R","","154",""
"","Core Set 2020","m20","Chandra, Piromante Novata","Chandra, Novice Pyromancer","1","SP","PTEN","U","R","","128",""
"","Core Set 2020","m20","Contrabandista Goblin","Goblin Smuggler","1","SP","PTEN","C","R","","144",""
"","Core Set 2020","m20","De Ossos a Cinzas","Bone to Ash","1","SP","PTEN","C","U","","48",""
"","Core Set 2020","m20","Escorpiao de Grama","Sedge Scorpion","1","SP","PTEN","C","G","","192",""
"","Core Set 2020","m20","Fada Marota","Faerie Miscreant","1","SP","PTEN","C","U","","58",""
"","Core Set 2020","m20","Frigir","Fry","1","SP","PTEN","U","R","","140",""
"","Core Set 2020","m20","Lider Revolucionario Goblin","Goblin Ringleader","1","SP","PTEN","U","R","","143",""
"","Core Set 2020","m20","Linha de Forca da Combustao","Leyline of Combustion","1","SP","PTEN","R","R","","148",""
"","Core Set 2020","m20","Linha de Forca da Santidade","Leyline of Sanctity","1","SP","PTEN","R","W","","26",""
"","Core Set 2020","m20","Mochila de Carga","Bag of Holding","1","SP","PTEN","R","C","","222",""
"","Core Set 2020","m20","Pega-passaro Goblin","Goblin Bird-Grabber","1","SP","PTEN","C","R","","142",""
"","Core Set 2020","m20","Ultraje de Chandra","Chandra's Outrage","1","SP","PTEN","C","R","","130",""
"","Core Set 2020 (Promo)","pm20","Regulador de Chandra","Chandra's Regulator","1","SP","PTEN","S","R","Foil","131",""
"Core Set 2021","Core Set 2021","m21","A Vida Continua","Life Goes On","1","SP","PTEN","C","G","","192",""
"Core Set 2021","Core Set 2021","m21","Augure Cinetica","Kinetic Augur","1","SP","PTEN","U","R","","154",""
"Core Set 2021","Core Set 2021","m21","Barreira de Runas","Wall of Runes","1","SP","PTEN","C","U","","85",""
"Core Set 2021","Core Set 2021","m21","Cao de Magma de Chandra","Chandra's Magmutt","3","SP","PTEN","C","R","","137",""
"Core Set 2021","Core Set 2021","m21","Escorneador de Garruk","Garruk's Gorehorn","1","SP","PTEN","C","G","","184",""
"Core Set 2021","Core Set 2021","m21","Espada Curta","Short Sword","1","SP","PTEN","C","C","","236",""
"Core Set 2021","Core Set 2021","m21","Golpe Certeiro","Sure Strike","1","NM","EN","C","R","","163",""
"Core Set 2021","Core Set 2021","m21","Piromano Goblin","Goblin Arsonist","2","SP","PTEN","C","R","","147",""
"Core Set 2021","Core Set 2021","m21","Retroceder","Rewind","1","SP","PTEN","U","U","","63",""
"Décima Edição","Tenth Edition","10e","Antifona Gloriosa","Glorious Anthem","1","SP","PTEN","R","W","","17",""
"Décima Edição","Tenth Edition","10e","Atordoar","Stun","1","SP","PTEN","C","R","","240",""
"Décima Edição","Tenth Edition","10e","Elemental de Centelhas","Spark Elemental","4","SP","PTEN","U","R","","237",""
"Décima Edição","Tenth Edition","10e","Punhos de Bigorna","Fists of the Anvil","2","SP","PTEN","C","R","","201",""
"Despertar do Mundo","Worldwake","wwk","Espadachim do Descarte Implacavel","Ruthless Cullblade","1","SP","PTEN","C","B","","65",""
"Despertar do Mundo","Worldwake","wwk","Sucateiro Tuktuk","Tuktuk Scrapper","2","SP","PTEN","U","R","","94",""
"Destino Reescrito","Fate Reforged","frf","Batedor Mardu","Mardu Scout","1","SP","PTEN","C","R","","108",""
"Destino Reescrito","Fate Reforged","frf","Crueldade de Tasigur","Tasigur's Cruelty","1","SP","PTEN","C","B","","88",""
"Destino Reescrito","Fate Reforged","frf","Dano Colateral","Collateral Damage","2","SP","PTEN","C","R","","95",""
"Destino Reescrito","Fate Reforged","frf","Desprezo do Rakshasa","Rakshasa's Disdain","1","SP","PTEN","C","U","","45",""
"Destino Reescrito","Fate Reforged","frf","Dragao Boca-de-raio","Shockmaw Dragon","1","SP","PTEN","U","R","","114",""
"Destino Reescrito","Fate Reforged","frf","Goblin Corta-calcanhar","Goblin Heelcutter","1","NM","EN","C","R","","102",""
"Destino Reescrito","Fate Reforged","frf","Golpe Inteligente","Cunning Strike","1","SP","PTEN","C","M","","150",""
"Destino Reescrito","Fate Reforged","frf","Ira Dragonica","Dragonrage","1","SP","PTEN","U","R","","97",""
"Destino Reescrito","Fate Reforged","frf","Lealdades Mutaveis","Shifting Loyalties","1","SP","PTEN","U","U","","51",""
"Destino Reescrito","Fate Reforged","frf","Mapear os Ermos","Map the Wastes","1","SP","PTEN","C","G","","134",""
"Destino Reescrito","Fate Reforged","frf","Pergaminho dos Mestres","Scroll of the Masters","1","SP","PTEN","R","C","","163",""
"Destino Reescrito","Fate Reforged","frf","Pirotecnica","Pyrotechnics","1","SP","PTEN","U","R","","111",""
"Destino Reescrito","Fate Reforged","frf","Rajada de Areia","Sandblast","1","SP","PTEN","C","W","","24",""
"Destino Reescrito","Fate Reforged","frf","Shu Yun, a Tempestade Silenciosa","Shu Yun, the Silent Tempest","1","SP","PTEN","R","U","","52",""
"Destino Reescrito","Fate Reforged","frf","Yeti Faminto","Hungering Yeti","1","SP","PTEN","U","R","","105",""
"","Dominaria","dom","A Primeira Erupcao","The First Eruption","1","SP","PTEN","R","R","","122",""
"","Dominaria","dom","Barragem de Goblins","Goblin Barrage","1","SP","PTEN","U","R","","128",""
"","Dominaria","dom","Bussola do Navegador","Navigator's Compass","1","SP","PTEN","C","C","","225",""
"","Dominaria","dom","Comandante de Guerra Goblin","Goblin Warchief","2","SP","PTEN","U","R","","130",""
"","Dominaria","dom","Furia da Senhora da Guerra","Warlord's Fury","1","SP","PTEN","C","R","","151",""
"","Dominaria","dom","Goblin Lanca-correntes","Goblin Chainwhirler","1","NM","EN","R","R","","129",""
"","Dominaria","dom","Investida Selvagem","Wild Onslaught","1","SP","PTEN","U","G","","188",""
"","Dominaria","dom","Oferenda Prava","Vicious Offering","1","SP","PTEN","C","B","","110",""
"","Dominaria","dom","Sargento de Armas","Sergeant-at-Arms","1","SP","PTEN","C","W","","32",""
"","Dominaria Remastered","dmr","Explosao Solar","Solar Blast","1","SP","PTEN","C","R","","140",""
"","Dominaria Remastered","dmr","Goblin Apodrecido","Festering Goblin","1","SP","PTEN","C","B","","85",""
"","Dominaria Remastered","dmr","Grelha de Carvao","Coal Stoker","3","NM","EN","C","R","","114",""
"","Dominaria Remastered","dmr","Marechal-de-Guerra Mogg","Mogg War Marshal","2","SP","PTEN","C","R","","131",""
"","Dominaria Remastered","dmr","Matrona Goblin","Goblin Matron","2","SP","PTEN","C","R","","123",""
"","Dominaria Remastered","dmr","Ornitoptero","Ornithopter","2","SP","PTEN","C","C","","233",""
"","Dominaria Remastered","dmr","Ovinizar","Ovinize","2","SP","PTEN","C","U","","63",""
"","Dominaria Remastered","dmr","Physalia","Man-o'-War","1","SP","PTEN","C","U","","58",""
"","Dominaria Remastered","dmr","Prospector de Skirk","Skirk Prospector","2","SP","PTEN","C","R","","137",""
"","Dominaria Remastered","dmr","Reflexos Rapidos","Lightning Reflexes","1","SP","PTEN","C","R","","128",""
"Dominária Unida","Dominaria United","dmu","Alucinacao Assombrosa","Haunting Figment","1","SP","PTEN","C","U","","53",""
"Dominária Unida","Dominaria United","dmu","Connoisseur Sengir","Sengir Connoisseur","1","SP","PTEN","U","B","","104",""
"Dominária Unida","Dominaria United","dmu","Dragonete Planador","Soaring Drake","1","SP","PTEN","C","U","","66",""
"Dominária Unida","Dominaria United","dmu","Enxame de Moscas de Guerra","Battlefly Swarm","1","SP","PTEN","C","B","","81",""
"Dominária Unida","Dominaria United","dmu","Equipe de Ataque Keldoniana","Keldon Strike Team","1","SP","PTEN","C","R","","136",""
"Dominária Unida","Dominaria United","dmu","Escarnio de Ertai","Ertai's Scorn","1","SP","PTEN","U","U","","48",""
"Dominária Unida","Dominaria United","dmu","Falange Argiviana","Argivian Phalanx","1","SP","PTEN","C","W","","5",""
"Dominária Unida","Dominaria United","dmu","Fogueira da Vitoria","Fires of Victory","1","SP","PTEN","U","R","","123",""
"Dominária Unida","Dominaria United","dmu","Forca de Gaia","Gaea's Might","1","SP","PTEN","C","G","","164",""
"Dominária Unida","Dominaria United","dmu","Golpe Relampejante","Lightning Strike","1","NM","EN","C","R","","137",""
"Dominária Unida","Dominaria United","dmu","Inferno Duplo","Twinferno","1","SP","PTEN","U","R","","149",""
"Dominária Unida","Dominaria United","dmu","Infusao de Rochafluente","Flowstone Infusion","1","SP","PTEN","C","R","","124",""
"Dominária Unida","Dominaria United","dmu","Jardineira do Necroflorescimento","Deathbloom Gardener","1","SP","PTEN","C","G","","159",""
"Dominária Unida","Dominaria United","dmu","Lutador Nishoba","Nishoba Brawler","1","SP","PTEN","U","G","","174",""
"Dominária Unida","Dominaria United","dmu","Mao de Martelo","Hammerhand","1","SP","PTEN","C","R","","129",""
"Dominária Unida","Dominaria United","dmu","Meteorito","Meteorite","1","SP","PTEN","C","C","","235",""
"Dominária Unida","Dominaria United","dmu","Operario a Mana Reciclado","Salvaged Manaworker","2","SP","PTEN","C","C","","237",""
"Dominária Unida","Dominaria United","dmu","Profanador do Instinto","Defiler of Instinct","1","SP","PTEN","R","R","","119",""
"Dominária Unida","Dominaria United","dmu","Rizowalla em Banho de Sol","Sunbathing Rootwalla","1","SP","PTEN","C","G","","181",""
"Dominária Unida","Dominaria United","dmu","Rulik Mons, Chefona do Viveiro","Rulik Mons, Warren Chief","1","SP","PTEN","U","M","","217",""
"Dominária Unida","Dominaria United","dmu","Selecionador Goblin","Goblin Picker","1","SP","PTEN","C","R","","128",""
"Dominária Unida","Dominaria United","dmu","Tornado de Fogo de Jaya","Jaya's Firenado","1","SP","PTEN","C","R","","134",""
"Dominária Unida","Dominaria United","dmu","Zar Ojanen, Descendente de Efrava","Zar Ojanen, Scion of Efrava","1","SP","PTEN","U","M","","227",""
"Dominária Unida Commander","Dominaria United Commander","dmc","Amuleto Sultai","Sultai Charm","1","SP","PTEN","U","M","","168",""
"Dominária Unida Commander","Dominaria United Commander","dmc","Frisson das Possibilidades","Thrill of Possibility","4","SP","PTEN","C","R","","127",""
"Dominária Unida Commander","Dominaria United Commander","dmc","Monumento de Hazoret","Hazoret's Monument","1","SP","PTEN","U","C","","183",""
"Dominária Unida Commander","Dominaria United Commander","dmc","Neheb, Capitao da Horda Medonha","Neheb, Dreadhorde Champion","1","SP","PTEN","R","R","","125",""
"Dominária Unida Commander","Dominaria United Commander","dmc","Rosnakht, Herdeira de Rohgahh","Rosnakht, Heir of Rohgahh","2","SP","PTEN","R","R","","25",""
"Dominária Unida Commander","Dominaria United Commander","dmc","Verdade Reverberante","Echoing Truth","1","SP","PTEN","C","U","","109",""
"","Double Masters","2xm","Artesao Bracoluz","Glint-Sleeve Artisan","1","SP","PTEN","C","W","","18",""
"","Double Masters","2xm","Automato Adaptavel","Adaptive Automaton","1","SP","PTEN","R","C","","231",""
"","Double Masters","2xm","Automato Talentoso","Accomplished Automaton","1","SP","PTEN","C","C","","230",""
"","Double Masters","2xm","Casca de Clone","Clone Shell","1","SP","PTEN","U","C","","241",""
"","Double Masters","2xm","Coletor de Pedagio de Kazuul","Kazuul's Toll Collector","1","SP","PTEN","C","R","","133",""
"","Double Masters","2xm","Cremador de Cragganwick","Cragganwick Cremator","1","SP","PTEN","R","R","","122",""
"","Double Masters","2xm","Esfinge Leitora de Nuvens","Cloudreader Sphinx","1","SP","PTEN","C","U","","45",""
"","Double Masters","2xm","Furia Balduviana","Balduvian Rage","1","SP","PTEN","C","R","","115",""
"","Double Masters","2xm","Gremlins Salivantes","Salivating Gremlins","1","NM","EN","C","R","","143",""
"","Double Masters","2xm","Magibomba de Pirita","Pyrite Spellbomb","1","SP","PTEN","C","C","","283",""
"","Double Masters","2xm","Quebra-cabeca do Metalofiador","Metalspinner's Puzzleknot","2","SP","PTEN","C","C","","273",""
"","Double Masters","2xm","Reuniao Catartica","Cathartic Reunion","3","SP","PTEN","C","R","","121",""
"","Double Masters","2xm","Trono de Geth","Throne of Geth","1","SP","PTEN","U","C","","301",""
"","Double Masters","2xm","Tuktuk, o Explorador","Tuktuk the Explorer","1","SP","PTEN","R","R","","149",""
"","Double Masters 2022","2x2","Adepto Nevoa-ignea","Mistfire Adept","1","SP","PTEN","U","U","","59",""
"","Double Masters 2022","2x2","Amuleto Jeskai","Jeskai Charm","1","SP","PTEN","U","M","","232",""
"","Double Masters 2022","2x2","Companheiro do Urso","Bear's Companion","1","SP","PTEN","U","M","","182",""
"","Double Masters 2022","2x2","Forca de Tita","Titan's Strength","1","SP","PTEN","C","R","","128",""
"","Double Masters 2022","2x2","Fuga de Mana","Mana Leak","1","SP","PTEN","C","U","","58",""
"","Double Masters 2022","2x2","Implantador de Sensor","Sensor Splicer","1","SP","PTEN","C","W","","29",""
"","Double Masters 2022","2x2","Iniciado Aviano","Aven Initiate","1","SP","PTEN","C","U","","39",""
"","Double Masters 2022","2x2","Maga da Guilda da Liga","League Guildmage","1","SP","PTEN","U","M","","241",""
"","Double Masters 2022","2x2","Oraculo Habitante do Escuro","Dark-Dweller Oracle","2","SP","PTEN","C","R","","106",""
"","Double Masters 2022","2x2","Pilhagem do Pirata","Pirate's Pillage","1","SP","PTEN","C","R","","120",""
"","Double Masters 2022","2x2","Porta-estandarte Goblin","Goblin Banneret","4","SP","PTEN","U","R","","110",""
"","Double Masters 2022","2x2","Saqueador da Lamina Funesta","Graveblade Marauder","1","SP","PTEN","U","B","","77",""
"","Double Masters 2022 (Borderless)","bl2x2","Piromante Jovem","Young Pyromancer","1","NM","PTEN","U","R","","364",""
"Dragões de Tarkir","Dragons of Tarkir","dtk","Amoque Relampejante","Lightning Berserker","2","SP","PTEN","U","R","","146",""
"Dragões de Tarkir","Dragons of Tarkir","dtk","Aprender com o Passado","Learn from the Past","1","SP","PTEN","U","U","","60",""
"Dragões de Tarkir","Dragons of Tarkir","dtk","Arauto de Dromoka","Herald of Dromoka","1","SP","PTEN","C","W","","22",""
"Dragões de Tarkir","Dragons of Tarkir","dtk","Arrombador de Atarka","Atarka Pummeler","2","SP","PTEN","U","R","","129",""
"Dragões de Tarkir","Dragons of Tarkir","dtk","Artilheiro Ainok","Ainok Artillerist","2","SP","PTEN","C","G","","171",""
"Dragões de Tarkir","Dragons of Tarkir","dtk","Behemoth de Qal Sisma","Qal Sisma Behemoth","2","SP","PTEN","U","R","","149",""
"Dragões de Tarkir","Dragons of Tarkir","dtk","Circulo dos Anciaos","Circle of Elders","1","SP","PTEN","U","G","","176",""
"Dragões de Tarkir","Dragons of Tarkir","dtk","Dragoa da Couraca Defletora","Shieldhide Dragon","1","SP","PTEN","U","W","","37",""
"Dragões de Tarkir","Dragons of Tarkir","dtk","Manobra Engenhosa","Artful Maneuver","1","SP","PTEN","C","W","","4",""
"Dragões de Tarkir","Dragons of Tarkir","dtk","Proclamador de Guerra","Warbringer","2","SP","PTEN","U","R","","168",""
"Dragões de Tarkir","Dragons of Tarkir","dtk","Rede Aranhosa","Spidersilk Net","1","SP","PTEN","C","C","","244",""
"Dragões de Tarkir","Dragons of Tarkir","dtk","Rifte Magmatico","Magmatic Chasm","1","SP","PTEN","C","R","","148",""
"Dragões de Tarkir","Dragons of Tarkir","dtk","Sentinela do Olho do Dragao","Dragon's Eye Sentry","1","SP","PTEN","C","W","","11",""
"Dragões de Tarkir","Dragons of Tarkir","dtk","Sentinelas da Guarda Escamada","Scaleguard Sentinels","1","SP","PTEN","U","G","","201",""
"Dragões de Tarkir","Dragons of Tarkir","dtk","Tapecaria das Eras","Tapestry of the Ages","1","SP","PTEN","U","C","","246",""
"Dragões de Tarkir","Dragons of Tarkir","dtk","Voz Atormentadora","Tormenting Voice","1","SP","PTEN","C","R","","163",""
"","Duel Decks: Elves vs. Goblins","evg","Elaterideo","Clickslither","1","SP","PTEN","R","R","","34",""
"","Duel Decks: Elves vs. Goblins","evg","Escavacoes dos Goblins","Goblin Burrows","1","SP","PTEN","U","L","","58",""
"","Duel Decks: Elves vs. Goblins","evg","Goblin Toboganista","Goblin Sledder","4","NM","EN","C","R","","41",""
"","Duel Decks: Elves vs. Goblins","evg","Ib Halfheart, Estrategista Goblin","Ib Halfheart, Goblin Tactician","1","NM","EN","R","R","","43",""
"","Duel Decks: Elves vs. Goblins","evg","Incinerador da Palma Cravejada","Gempalm Incinerator","1","NM","EN","U","R","","37",""
"","Duel Decks: Elves vs. Goblins","evg","Prospector de Skirk","Skirk Prospector","1","SP","PTEN","C","R","","51",""
"","Duel Decks: Elves vs. Goblins","evg","Sargento Perfurador de Skirk","Skirk Drill Sergeant","1","SP","PTEN","U","R","","49",""
"","Duel Decks: Elves vs. Inventors","ddu","Explosao de Metralha","Shrapnel Blast","1","SP","PTEN","U","R","","48",""
"","Duel Decks: Heroes vs. Monsters","ddl","Ataque Voltaico","Volt Charge","1","SP","PTEN","C","R","","68",""
"","Duel Decks: Kiora vs. Elspeth","ddo","Ardor dos Mortais","Mortal's Ardor","1","SP","PTEN","C","W","","19",""
"","Duel Decks: Kiora vs. Elspeth","ddo","Monstro da Marmorra","Sealock Monster","1","SP","PTEN","U","U","","42",""
"","Duel Decks: Knights vs. Dragons","ddg","Garras de Valakut","Claws of Valakut","1","SP","PTEN","C","R","","72",""
"","Duel Decks: Knights vs. Dragons","ddg","Mentor Mancha-Sangrenta","Bloodmark Mentor","1","SP","PTEN","U","R","","50",""
"","Duel Decks: Knights vs. Dragons","ddg","Reciprocar","Reciprocate","1","SP","PTEN","U","W","","24",""
"","Duel Decks: Knights vs. Dragons","ddg","Represalia","Reprisal","1","SP","PTEN","U","W","","27",""
"","Duel Decks: Merfolk vs. Goblins","ddt","Cavador de Tuneis Goblin","Goblin Tunneler","1","SP","PTEN","C","R","","49",""
"","Duel Decks: Merfolk vs. Goblins","ddt","Esquadrao de Batalha","Battle Squadron","1","SP","PTEN","U","R","","33",""
"","Duel Decks: Merfolk vs. Goblins","ddt","Fomentador de Guerra Goblin","Goblin Wardriver","1","SP","PTEN","U","R","","50",""
"","Duel Decks: Merfolk vs. Goblins","ddt","Forca Imensa","Brute Strength","1","SP","PTEN","C","R","","35",""
"","Duel Decks: Merfolk vs. Goblins","ddt","Goblin Buscador de Gloria","Goblin Glory Chaser","2","SP","PTEN","U","R","","43",""
"","Duel Decks: Merfolk vs. Goblins","ddt","Goblin Lider da Plebe","Goblin Rabblemaster","1","NM","EN","R","R","","46",""
"","Duel Decks: Merfolk vs. Goblins","ddt","Habitante da Rua da Fundicao","Foundry Street Denizen","4","NM","EN","C","R","","38",""
"","Duel Decks: Merfolk vs. Goblins","ddt","Piropiche","Tarfire","1","SP","PTEN","C","R","","55",""
"","Duel Decks: Merfolk vs. Goblins","ddt","Taticas dos Talassidos","Triton Tactics","1","SP","PTEN","U","U","","23",""
"","Duel Decks: Speed vs. Cunning","ddn","Armadilha do Inferno","Inferno Trap","1","SP","PTEN","U","R","","67",""
"","Duel Decks: Speed vs. Cunning","ddn","Bombardeio Orc","Orcish Cannonade","1","SP","PTEN","C","R","","28",""
"","Duel Decks: Speed vs. Cunning","ddn","Goblin Arruaceiro","Hellraiser Goblin","1","SP","PTEN","U","R","","7",""
"","Edge of Eternities","eoe","","All-Fates Scroll","1","SP","PTEN","U","C","","234",""
"","Edge of Eternities","eoe","","All-Fates Stalker","1","SP","PTEN","U","W","","3",""
"","Edge of Eternities","eoe","","Alpharael, Dreaming Acolyte","1","SP","PTEN","U","M","","212",""
"","Edge of Eternities","eoe","Anular","Annul","1","SP","PTEN","U","U","","46",""
"","Edge of Eternities","eoe","","Astelli Reclaimer","1","NM","PTEN","R","W","","4",""
"","Edge of Eternities","eoe","","Atmospheric Greenhouse","1","SP","PTEN","U","G","","171",""
"","Edge of Eternities","eoe","","Beamsaw Prospector","3","SP","PTEN","C","B","","89",""
"","Edge of Eternities","eoe","Besouro-virus","Virus Beetle","1","SP","PTEN","C","B","","124",""
"","Edge of Eternities","eoe","","Bioengineered Future","1","SP","PTEN","R","G","","172",""
"","Edge of Eternities","eoe","","Bioengineered Future","1","NM","PT","R","G","","172",""
"","Edge of Eternities","eoe","","Biosynthic Burst","1","SP","PTEN","C","G","","173",""
"","Edge of Eternities","eoe","","Blooming Stinger","3","SP","PTEN","C","G","","174",""
"","Edge of Eternities","eoe","Bombardear","Bombard","1","SP","PTEN","C","R","","129",""
"","Edge of Eternities","eoe","","Brightspear Zealot","2","SP","PTEN","C","W","","8",""
"","Edge of Eternities","eoe","","Chrome Companion","1","SP","PTEN","C","C","","236",""
"","Edge of Eternities","eoe","","Close Encounter","1","SP","PTEN","U","G","","176",""
"","Edge of Eternities","eoe","","Cloudsculpt Technician","2","SP","PTEN","C","U","","49",""
"","Edge of Eternities","eoe","","Command Bridge","1","SP","PTEN","C","L","","252",""
"","Edge of Eternities","eoe","","Cryogen Relic","1","SP","PTEN","C","U","","52",""
"","Edge of Eternities","eoe","","Cryoshatter","1","SP","PTEN","C","U","","53",""
"","Edge of Eternities","eoe","","Dark Endurance","1","SP","PTEN","C","B","","93",""
"","Edge of Eternities","eoe","","Decode Transmissions","2","SP","PTEN","C","B","","94",""
"","Edge of Eternities","eoe","","Desculpting Blast","1","SP","PTEN","U","U","","54",""
"","Edge of Eternities","eoe","","Drill Too Deep","2","SP","PTEN","C","R","","133",""
"","Edge of Eternities","eoe","","Drix Fatemaker","1","SP","PTEN","C","G","","178",""
"","Edge of Eternities","eoe","","Elegy Acolyte","1","SP","PTEN","R","B","","97",""
"","Edge of Eternities","eoe","","Embrace Oblivion","1","SP","PTEN","C","B","","98",""
"","Edge of Eternities","eoe","","Eumidian Terrabotanist","2","SP","PTEN","U","G","","180",""
"","Edge of Eternities","eoe","","Fell Gravship","1","SP","PTEN","U","B","","101",""
"","Edge of Eternities","eoe","","Flight-Deck Coordinator","1","SP","PTEN","C","W","","17",""
"","Edge of Eternities","eoe","","Focus Fire","1","SP","PTEN","C","W","","18",""
"","Edge of Eternities","eoe","","Frontline War-Rager","2","SP","PTEN","C","R","","134",""
"","Edge of Eternities","eoe","","Full Bore","1","SP","PTEN","U","R","","135",""
"","Edge of Eternities","eoe","","Gene Pollinator","2","SP","PTEN","C","G","","186",""
"","Edge of Eternities","eoe","","Genemorph Imago","1","SP","PTEN","R","M","","217",""
"","Edge of Eternities","eoe","","Germinating Wurm","1","SP","PTEN","C","G","","187",""
"","Edge of Eternities","eoe","","Gravkill","1","SP","PTEN","C","B","","103",""
"","Edge of Eternities","eoe","","Gravpack Monoist","2","SP","PTEN","C","B","","104",""
"","Edge of Eternities","eoe","","Haliya, Ascendant Cadet","1","SP","PTEN","U","M","","218",""
"","Edge of Eternities","eoe","","Hemosymbic Mite","1","SP","PTEN","U","G","","190",""
"","Edge of Eternities","eoe","","Honor","1","SP","PTEN","U","W","","21",""
"","Edge of Eternities","eoe","","Hullcarver","2","SP","PTEN","C","B","","105",""
"","Edge of Eternities","eoe","","Hymn of the Faller","2","SP","PTEN","U","B","","107",""
"","Edge of Eternities","eoe","","Icecave Crasher","1","SP","PTEN","C","G","","191",""
"","Edge of Eternities","eoe","","Illvoi Galeblade","3","SP","PTEN","C","U","","58",""
"","Edge of Eternities","eoe","","Illvoi Infiltrator","1","SP","PTEN","U","U","","59",""
"","Edge of Eternities","eoe","","Illvoi Light Jammer","1","SP","PTEN","C","U","","60",""
"","Edge of Eternities","eoe","","Illvoi Operative","1","SP","PTEN","C","U","","61",""
"","Edge of Eternities","eoe","","Insatiable Skittermaw","1","SP","PTEN","C","B","","108",""
"","Edge of Eternities","eoe","","Interceptor Mechan","1","SP","PTEN","U","M","","220",""
"","Edge of Eternities","eoe","","Intrepid Tenderfoot","1","SP","PTEN","C","G","","193",""
"","Edge of Eternities","eoe","","Kav Landseeker","1","SP","PTEN","C","R","","138",""
"","Edge of Eternities","eoe","","Kavaron Harrier","4","SP","PTEN","U","R","","139",""
"","Edge of Eternities","eoe","","Kavaron Turbodrone","2","SP","PTEN","C","R","","141",""
"","Edge of Eternities","eoe","","Knight Luminary","3","SP","PTEN","C","W","","23",""
"","Edge of Eternities","eoe","","Lightless Evangel","1","SP","PTEN","U","B","","109",""
"","Edge of Eternities","eoe","","Lithobraking","1","SP","PTEN","U","R","","142",""
"","Edge of Eternities","eoe","","Lost in Space","1","SP","PTEN","C","U","","62",""
"","Edge of Eternities","eoe","","Luxknight Breacher","1","SP","PTEN","C","W","","26",""
"","Edge of Eternities","eoe","Luz Banidora","Banishing Light","2","SP","PTEN","C","W","","6",""
"","Edge of Eternities","eoe","","Mechan Shieldmate","1","SP","PTEN","C","U","","65",""
"","Edge of Eternities","eoe","","Mechanozoa","1","SP","PTEN","C","U","","66",""
"","Edge of Eternities","eoe","","Meltstrider Eulogist","1","SP","PTEN","U","G","","197",""
"","Edge of Eternities","eoe","","Memorial Team Leader","1","SP","PTEN","U","R","","144",""
"","Edge of Eternities","eoe","","Mental Modulation","1","SP","PTEN","C","U","","67",""
"","Edge of Eternities","eoe","","Mm'menon, the Right Hand","1","SP","PTEN","R","U","","68",""
"","Edge of Eternities","eoe","","Mouth of the Storm","1","SP","PTEN","U","U","","70",""
"","Edge of Eternities","eoe","","Mutinous Massacre","1","NM","PT","R","M","","222",""
"","Edge of Eternities","eoe","","Mutinous Massacre","1","SP","PTEN","R","M","","222",""
"","Edge of Eternities","eoe","","Orbital Plunge","3","SP","PTEN","C","R","","149",""
"","Edge of Eternities","eoe","","Oreplate Pangolin","2","SP","PTEN","C","R","","150",""
"","Edge of Eternities","eoe","","Pain for All","2","SP","PTEN","R","R","","151",""
"","Edge of Eternities","eoe","","Plasma Bolt","1","SP","PTEN","C","R","","152",""
"","Edge of Eternities","eoe","","Radiant Strike","2","SP","PTEN","C","W","","29",""
"","Edge of Eternities","eoe","","Red Tiger Mechan","2","SP","PTEN","C","R","","154",""
"","Edge of Eternities","eoe","","Rescue Skiff","1","SP","PTEN","U","W","","32",""
"","Edge of Eternities","eoe","","Rig for War","1","SP","PTEN","C","R","","156",""
"","Edge of Eternities","eoe","","Ruinous Rampage","2","SP","PTEN","U","R","","158",""
"","Edge of Eternities","eoe","","Sami's Curiosity","1","SP","PTEN","C","G","","203",""
"","Edge of Eternities","eoe","","Scout for Survivors","1","SP","PTEN","U","W","","33",""
"","Edge of Eternities","eoe","","Scrounge for Eternity","1","SP","PTEN","U","B","","114",""
"","Edge of Eternities","eoe","","Seedship Agrarian","1","SP","PTEN","U","G","","204",""
"","Edge of Eternities","eoe","","Seedship Broodtender","1","SP","PTEN","U","M","","227",""
"","Edge of Eternities","eoe","","Selfcraft Mechan","1","SP","PTEN","C","U","","74",""
"","Edge of Eternities","eoe","","Skystinger","2","SP","PTEN","C","G","","207",""
"","Edge of Eternities","eoe","","Slagdrill Scrapper","2","SP","PTEN","C","R","","160",""
"","Edge of Eternities","eoe","","Specimen Freighter","1","SP","PTEN","U","U","","76",""
"","Edge of Eternities","eoe","","Squire's Lightblade","1","SP","PTEN","C","W","","36",""
"","Edge of Eternities","eoe","","Starbreach Whale","1","SP","PTEN","C","U","","77",""
"","Edge of Eternities","eoe","","Starfighter Pilot","1","SP","PTEN","C","W","","38",""
"","Edge of Eternities","eoe","","Starport Security","1","SP","PTEN","C","W","","39",""
"","Edge of Eternities","eoe","","Sunstar Chaplain","1","SP","PTEN","R","W","","40",""
"","Edge of Eternities","eoe","","Sunstar Expansionist","1","SP","PTEN","U","W","","41",""
"","Edge of Eternities","eoe","","Sunstar Lightsmith","2","SP","PTEN","U","W","","42",""
"","Edge of Eternities","eoe","","Survey Mechan","1","SP","PTEN","U","C","","245",""
"","Edge of Eternities","eoe","","Susurian Voidborn","1","SP","PTEN","U","B","","118",""
"","Edge of Eternities","eoe","","Swarm Culler","2","SP","PTEN","C","B","","119",""
"","Edge of Eternities","eoe","","Temporal Intervention","1","SP","PTEN","C","B","","120",""
"","Edge of Eternities","eoe","","Territorial Bruntar","1","SP","PTEN","U","R","","165",""
"","Edge of Eternities","eoe","","Thaumaton Torpedo","2","SP","PTEN","C","C","","246",""
"","Edge of Eternities","eoe","","Thawbringer","2","SP","PTEN","C","G","","211",""
"","Edge of Eternities","eoe","","The Dominion Bracelet","1","SP","PTEN","M","C","","239",""
"","Edge of Eternities","eoe","","The Eternity Elevator","1","SP","PTEN","R","C","","241",""
"","Edge of Eternities","eoe","","Tractor Beam","1","SP","PTEN","U","U","","82",""
"","Edge of Eternities","eoe","","Virulent Silencer","1","SP","PTEN","U","C","","248",""
"","Edge of Eternities","eoe","","Wurmwall Sweeper","2","SP","PTEN","C","C","","249",""
"","Edge of Eternities","eoe","","Zookeeper Mechan","2","SP","PTEN","C","R","","170",""
"","Edge of Eternities (Borderless Triumphant)","bteoe","","Astelli Reclaimer","1","NM","PTEN","R","W","","288",""
"","Edge of Eternities (Promo)","preoe","","Emissary Escort","1","SP","PTEN","R","U","Foil, Promo","399",""
"","Edge of Eternities Commander","eoc","Augurio Experimental","Experimental Augury","1","SP","PTEN","C","U","","73",""
"","Edge of Eternities Commander","eoc","Estorrar","Harrow","1","SP","PTEN","C","G","","98",""
"","Edge of Eternities Commander","eoc","Paisagem Infinita","Myriad Landscape","1","SP","PTEN","U","L","","169",""
"","Edge of Eternities Commander","eoc","Recrescimento Turbilhonante","Roiling Regrowth","1","SP","PTEN","U","G","","105",""
"","Edge of Eternities Commander","eoc","Tunel de Fuga","Escape Tunnel","2","SP","PTEN","C","L","","157",""
"Entardecer","Eventide","eve","Cinzerineo Chicote Toracico","Heartlash Cinder","1","SP","PTEN","C","R","","56",""
"Entardecer","Eventide","eve","Puncao Explosiva","Puncture Blast","1","SP","PTEN","C","R","","60",""
"Espiral Temporal","Time Spiral","ts","Metralha","Grapeshot","1","SP","PTEN","C","R","","160",""
"Espiral Temporal Remasterizada","Time Spiral Remastered","tsr","Assassinar","Assassinate","1","SP","PTEN","C","B","","101",""
"Espiral Temporal Remasterizada","Time Spiral Remastered","tsr","Chicote-a-Dor","Stingscourger","1","SP","PTEN","C","R","","192",""
"Espiral Temporal Remasterizada","Time Spiral Remastered","tsr","Choque Repentino","Sudden Shock","1","SP","PTEN","U","R","","194",""
"Espiral Temporal Remasterizada","Time Spiral Remastered","tsr","Esvaziar os Viveiros","Empty the Warrens","4","SP","PTEN","C","R","","162",""
"Espiral Temporal Remasterizada","Time Spiral Remastered","tsr","Forca Bruta","Brute Force","1","SP","PTEN","C","R","","157",""
"Espiral Temporal Remasterizada","Time Spiral Remastered","tsr","Goblin Paquidermico","Thick-Skinned Goblin","2","NM","EN","U","R","","196",""
"Espiral Temporal Remasterizada","Time Spiral Remastered","tsr","Ignea Sorridente","Grinning Ignus","1","NM","EN","C","R","","168",""
"Espiral Temporal Remasterizada","Time Spiral Remastered","tsr","Jaya Ballard, Maga Especialista","Jaya Ballard, Task Mage","1","SP","PTEN","R","R","","172",""
"Espiral Temporal Remasterizada","Time Spiral Remastered","tsr","Meteoro de Shiv","Shivan Meteor","1","SP","PTEN","U","R","","188",""
"Espiral Temporal Remasterizada","Time Spiral Remastered","tsr","Morto // Enterrado","Dead // Gone","1","SP","PTEN","C","R","","161",""
"Espiral Temporal Remasterizada","Time Spiral Remastered","tsr","Percepcao Aguda","Keen Sense","1","SP","PTEN","U","G","","213",""
"","Eternal Masters","ema","Bruxa da Praga","Plague Witch","1","SP","PTEN","C","B","","103",""
"","Eternal Masters","ema","Especulacao Silenciosa","Quiet Speculation","1","SP","PTEN","U","U","","68",""
"","Eternal Masters","ema","Investida Imprudente","Reckless Charge","3","SP","PTEN","C","R","","144",""
"","Eternal Masters","ema","Mogg Fanatico","Mogg Fanatic","2","SP","PTEN","C","R","","138",""
"","Eternal Masters","ema","Segundas Intencoes","Second Thoughts","1","SP","PTEN","C","W","","27",""
"","Eternal Masters","ema","Simio Kird","Kird Ape","1","SP","PTEN","C","R","","137",""
"","Explorers of Ixalan","e02","Impeto de Adrenalina","Rush of Adrenaline","1","NM","EN","C","R","","28",""
"Fallout","Fallout","pip","Caminho da Ascendencia","Path of Ancestry","1","SP","PTEN","C","L","","279",""
"Fallout","Fallout","pip","Ponte de Platinofalesias","Silverbluff Bridge","1","SP","PTEN","C","L","","290",""
"","FINAL FANTASY","fin","","Aerith Rescue Mission","1","SP","PTEN","C","W","","5",""
"","FINAL FANTASY","fin","","Bard's Bow","1","SP","PTEN","C","G","","174",""
"","FINAL FANTASY","fin","","Clash of the Eikons","1","SP","PTEN","U","G","","180",""
"","FINAL FANTASY","fin","","Coeurl","1","SP","PTEN","C","W","","12",""
"","FINAL FANTASY","fin","","Commune with Beavers","1","SP","PTEN","C","G","","182",""
"","FINAL FANTASY","fin","","Cornered by Black Mages","2","SP","PTEN","C","B","","93",""
"","FINAL FANTASY","fin","","Crossroads Village","2","SP","PTEN","C","L","","276",""
"","FINAL FANTASY","fin","","Dreams of Laguna","1","SP","PTEN","C","U","","50",""
"","FINAL FANTASY","fin","","Elixir","1","SP","PTEN","U","C","","256",""
"","FINAL FANTASY","fin","","Exdeath, Void Warlock","1","SP","PTEN","U","M","","220",""
"","FINAL FANTASY","fin","","Exdeath, Void Warlock","1","NM","PT","U","M","","220",""
"","FINAL FANTASY","fin","","Garland, Knight of Cornelia","1","SP","PTEN","U","M","","221",""
"","FINAL FANTASY","fin","","Gigantoad","2","SP","PTEN","C","G","","187",""
"","FINAL FANTASY","fin","","Haste Magic","1","NM","EN","C","R","","140",""
"","FINAL FANTASY","fin","","Ice Flan","2","SP","PTEN","C","U","","55",""
"","FINAL FANTASY","fin","","Light of Judgment","2","SP","PTEN","C","R","","144",""
"","FINAL FANTASY","fin","","Lion Heart","1","SP","PTEN","U","C","","261",""
"","FINAL FANTASY","fin","","Magic Pot","1","SP","PTEN","C","C","","263",""
"","FINAL FANTASY","fin","","Paladin's Arms","1","SP","PTEN","C","W","","28",""
"","FINAL FANTASY","fin","","Prompto Argentum","1","SP","PTEN","U","R","","148",""
"","FINAL FANTASY","fin","","Quina, Qu Gourmet","1","SP","PTEN","U","G","","194",""
"","FINAL FANTASY","fin","","Rabanastre, Royal City","1","SP","PTEN","C","L","","287",""
"","FINAL FANTASY","fin","","Ring of the Lucii","1","SP","PTEN","U","C","","269",""
"","FINAL FANTASY","fin","","Rook Turret","2","SP","PTEN","C","U","","69",""
"","FINAL FANTASY","fin","","Rufus Shinra","1","NM","PT","U","M","","238",""
"","FINAL FANTASY","fin","","Rufus Shinra","1","SP","PTEN","U","M","","238",""
"","FINAL FANTASY","fin","","Sabotender","1","SP","PTEN","C","R","","153",""
"","FINAL FANTASY","fin","","Sahagin","1","SP","PTEN","C","U","","71",""
"","FINAL FANTASY","fin","","Scorpion Sentinel","1","SP","PTEN","C","U","","72",""
"","FINAL FANTASY","fin","","Sephiroth's Intervention","2","SP","PTEN","C","B","","116",""
"","FINAL FANTASY","fin","","Sidequest: Catch a Fish","1","SP","PTEN","U","W","","31",""
"","FINAL FANTASY","fin","","Sorceress's Schemes","1","SP","PTEN","U","R","","159",""
"","FINAL FANTASY","fin","","Summon: Esper Ramuh","1","SP","PTEN","U","R","","161",""
"","FINAL FANTASY","fin","","Treno, Dark City","1","SP","PTEN","C","L","","290",""
"","FINAL FANTASY","fin","","Ultros, Obnoxious Octopus","1","SP","PTEN","U","U","","83",""
"","FINAL FANTASY","fin","","Vincent's Limit Break","1","SP","PTEN","C","B","","126",""
"","FINAL FANTASY","fin","","White Auracite","1","SP","PTEN","C","W","","41",""
"","FINAL FANTASY","fin","Zidane, Ladrao da Tantalus","Zidane, Tantalus Thief","1","SP","PTEN","U","M","","251",""
"","FINAL FANTASY","fin","Zidane, Ladrao da Tantalus","Zidane, Tantalus Thief","1","NM","PT","U","M","","251",""
"","FINAL FANTASY (Borderless Woodblock)","bwfin","","Stolen Uniform","1","NM","PTEN","U","U","","332",""
"","FINAL FANTASY Commander (Through the Ages)","fca","","Vaan, Aspiring Sky Pirate // Captain Lannery Storm","1","SP","PTEN","U","R","","38",""
"","FINAL FANTASY Commander (Through the Ages)","fca","","Vayne Carudas Solidor // Fynn, the Fangbearer","1","SP","PTEN","U","G","","46",""
"","FINAL FANTASY Commander (Through the Ages)","fca","","Vayne Carudas Solidor // Fynn, the Fangbearer","1","NM","PT","U","G","","46",""
"","Forgotten Realms Commander","afc","Comungar com a Lava","Commune with Lava","1","SP","PTEN","R","R","","118",""
"","Forgotten Realms Commander","afc","Exasperar","Rile","1","SP","PTEN","C","R","","136",""
"","Forgotten Realms Commander","afc","Vingadora Sagrada","Holy Avenger","1","SP","PTEN","R","W","","6",""
"Fortaleza","Stronghold","sh","Guerreiro Serpente","Serpent Warrior","1","NM","EN","C","B","","94",""
"","Foundations","fdn","Abocanhar","Bite Down","2","SP","PTEN","C","G","","212",""
"","Foundations","fdn","Angra Tranquila","Tranquil Cove","1","SP","PTEN","C","L","","270",""
"","Foundations","fdn","Areias Verdejantes","Blossoming Sands","1","SP","PTEN","C","L","","260",""
"","Foundations","fdn","Armadura de Blanchwood","Blanchwood Armor","1","SP","PTEN","U","G","","213",""
"","Foundations","fdn","Arqueira Agitadora","Firebrand Archer","2","SP","PTEN","C","R","","196",""
"","Foundations","fdn","Asas Quebradas","Broken Wings","1","SP","PTEN","C","G","","214",""
"","Foundations","fdn","Brotar das Cinzas","Grow from the Ashes","3","SP","PTEN","C","G","","225",""
"","Foundations","fdn","","Cackling Prowler","1","SP","PTEN","C","G","","101",""
"","Foundations","fdn","Carnical do Cemiterio do Terror","Diregraf Ghoul","1","SP","PTEN","U","B","","171",""
"","Foundations","fdn","Chuva de Escorias","Slagstorm","1","SP","PTEN","R","R","","207",""
"","Foundations","fdn","Colonia de Gnarlids","Gnarlid Colony","1","SP","PTEN","C","G","","224",""
"","Foundations","fdn","Degolador Salmourigeno","Brineborn Cutthroat","1","SP","PTEN","U","U","","152",""
"","Foundations","fdn","Dragao de Shiva","Shivan Dragon","1","SP","PTEN","U","R","","206",""
"","Foundations","fdn","","Eager Trufflesnout","1","SP","PTEN","U","G","","102",""
"","Foundations","fdn","Elfos de Llanowar","Llanowar Elves","1","SP","PTEN","C","G","","227",""
"","Foundations","fdn","Espalhar Essencia","Essence Scatter","1","SP","PTEN","U","U","","153",""
"","Foundations","fdn","Estandarte Heraldico","Heraldic Banner","1","SP","PTEN","U","C","","254",""
"","Foundations","fdn","","Faebloom Trick","1","SP","PTEN","U","U","","38",""
"","Foundations","fdn","","Felidar Savior","1","SP","PTEN","C","W","","12",""
"","Foundations","fdn","Fingir a Propria Morte","Fake Your Own Death","1","SP","PTEN","C","B","","174",""
"","Foundations","fdn","Frisson das Possibilidades","Thrill of Possibility","1","SP","PTEN","C","R","","210",""
"","Foundations","fdn","Fugir Juntos","Run Away Together","1","SP","PTEN","C","U","","162",""
"","Foundations","fdn","","Goblin Boarders","4","SP","PTEN","C","R","","87",""
"","Foundations","fdn","","Goblin Negotiation","1","NM","EN","U","R","","88",""
"","Foundations","fdn","Golpe Certeiro","Sure Strike","1","NM","EN","C","R","","209",""
"","Foundations","fdn","","Icewind Elemental","2","SP","PTEN","C","U","","42",""
"","Foundations","fdn","","Infernal Vessel","1","SP","PTEN","U","B","","63",""
"","Foundations","fdn","","Infestation Sage","1","SP","PTEN","C","B","","64",""
"","Foundations","fdn","","Joust Through","1","SP","PTEN","U","W","","19",""
"","Foundations","fdn","Ladra de Sangue de Stromkirk","Stromkirk Bloodthief","1","SP","PTEN","U","B","","185",""
"","Foundations","fdn","Lagac Cospe-fogo","Spitfire Lagac","3","SP","PTEN","C","R","","208",""
"","Foundations","fdn","","Lightshell Duo","1","SP","PTEN","C","U","","157",""
"","Foundations","fdn","Luz Banidora","Banishing Light","1","SP","PTEN","C","W","","138",""
"","Foundations","fdn","Marinheiro Espectral","Spectral Sailor","1","SP","PTEN","U","U","","164",""
"","Foundations","fdn","Parar o Tempo","Time Stop","1","SP","PTEN","R","U","","166",""
"","Foundations","fdn","Passagem do Ladino","Rogue's Passage","3","SP","PTEN","U","L","","264",""
"","Foundations","fdn","Penhasco Marcado pelo Vento","Wind-Scarred Crag","1","SP","PTEN","C","L","","271",""
"","Foundations","fdn","","Perforating Artist","1","SP","PTEN","U","M","","124",""
"","Foundations","fdn","Praga Insolente","Brazen Scourge","2","SP","PTEN","U","R","","191",""
"","Foundations","fdn","","Prideful Parent","2","SP","PTEN","C","W","","21",""
"","Foundations","fdn","Protecao de Testemunhas","Witness Protection","1","SP","PTEN","C","U","","168",""
"","Foundations","fdn","","Quick-Draw Katana","1","SP","PTEN","C","C","","130",""
"","Foundations","fdn","Rato Ladrao","Burglar Rat","1","SP","PTEN","C","B","","170",""
"","Foundations","fdn","","Refute","1","SP","PTEN","C","U","","48",""
"","Foundations","fdn","Ruptura Sismica","Seismic Rupture","1","SP","PTEN","U","R","","205",""
"","Foundations","fdn","","Sanguine Syphoner","1","SP","PTEN","C","B","","68",""
"","Foundations","fdn","Silfide Zombeteira","Mocking Sprite","1","SP","PTEN","C","U","","159",""
"","Foundations","fdn","","Skyship Buccaneer","1","SP","PTEN","U","U","","50",""
"","Foundations","fdn","","Strix Lookout","2","SP","PTEN","C","U","","52",""
"","Foundations","fdn","Surrupiar","Pilfer","1","SP","PTEN","C","B","","181",""
"","Foundations","fdn","","Treetop Snarespinner","1","SP","PTEN","C","G","","114",""
"","Foundations","fdn","Ultrapassar","Overrun","1","SP","PTEN","U","G","","230",""
"","Foundations","fdn","Valquiria Jovem","Youthful Valkyrie","1","SP","PTEN","U","W","","149",""
"","Foundations","fdn","Valsa Macabra","Macabre Waltz","1","SP","PTEN","C","B","","177",""
"","Foundations","fdn","Vampiro Falcao-da-Noite","Vampire Nighthawk","2","SP","PTEN","U","B","","186",""
"","Foundations","fdn","","Vanguard Seraph","1","SP","PTEN","C","W","","28",""
"","Foundations (Beginner Box)","bbfdn","Devorado por Piranhas","Eaten by Piranhas","1","SP","PTEN","U","U","","507",""
"","Foundations (Beginner Box)","bbfdn","Forragem de Dragao","Dragon Fodder","1","SP","PTEN","C","R","","535",""
"","Foundations (Beginner Box)","bbfdn","Vampiro Intruso","Vampire Interloper","1","SP","PTEN","C","B","","530",""
"","Foundations (Beginner Box)","bbfdn","Xama do Chocalho-de-Guerra","Battle-Rattle Shaman","4","SP","PTEN","U","R","","533",""
"","Foundations (Starter Collection)","scfdn","Banco de Nevoeiro","Fog Bank","1","SP","PTEN","U","U","","591",""
"","Foundations (Starter Collection)","scfdn","Irromper","Crash Through","1","SP","PTEN","C","R","","620",""
"","Foundations (Starter Collection)","scfdn","Piromante Viashino","Viashino Pyromancer","4","SP","PTEN","C","R","","634",""
"","Foundations (Starter Collection)","scfdn","Portao da Guilda Azorius","Azorius Guildgate","1","SP","PTEN","C","L","","683",""
"","Foundations (Starter Collection)","scfdn","Portao da Guilda Izzet","Izzet Guildgate","1","SP","PTEN","C","L","","691",""
"","Foundations (Starter Collection)","scfdn","Raio Obliterante","Obliterating Bolt","1","SP","PTEN","U","R","","629",""
"","Foundations (Starter Collection)","scfdn","Sarjetano Barrete Vermelho","Redcap Gutter-Dweller","1","SP","PTEN","R","R","","631",""
"Fragmentos de Alara","Shards of Alara","ala","Luz Obstruidora","Hindering Light","1","SP","PTEN","C","M","","173",""
"Guildas de Ravnica","Guilds of Ravnica","grn","Apresar","Prey Upon","1","SP","PTEN","C","G","","143",""
"Guildas de Ravnica","Guilds of Ravnica","grn","Chaveiro Goblin","Goblin Locksmith","1","SP","PTEN","C","R","","104",""
"Guildas de Ravnica","Guilds of Ravnica","grn","Cratereiro Goblin","Goblin Cratermaker","3","SP","PTEN","U","R","","103",""
"Guildas de Ravnica","Guilds of Ravnica","grn","Dissolucao do Pensamento","Thought Erasure","1","SP","PTEN","U","M","","206",""
"Guildas de Ravnica","Guilds of Ravnica","grn","Forrageadores Kraul","Kraul Foragers","1","NM","PT","C","G","","135",""
"Guildas de Ravnica","Guilds of Ravnica","grn","Forrageadores Kraul","Kraul Foragers","1","SP","PTEN","C","G","","135",""
"Guildas de Ravnica","Guilds of Ravnica","grn","Guarda do Decimo Distrito","Tenth District Guard","1","SP","PTEN","C","W","","29",""
"Guildas de Ravnica","Guilds of Ravnica","grn","Labareda Inescapavel","Inescapable Blaze","1","SP","PTEN","U","R","","107",""
"Guildas de Ravnica","Guilds of Ravnica","grn","Maximizar a Velocidade","Maximize Velocity","1","SP","PTEN","C","R","","111",""
"Guildas de Ravnica","Guilds of Ravnica","grn","Mensageiro da Tocha","Torch Courier","4","SP","PTEN","C","R","","119",""
"Guildas de Ravnica","Guilds of Ravnica","grn","Peso Morto","Dead Weight","1","SP","PTEN","C","B","","67",""
"Guildas de Ravnica","Guilds of Ravnica","grn","Sargento Cambaleante","Barging Sergeant","1","SP","PTEN","C","R","","92",""
"Guildas de Ravnica","Guilds of Ravnica","grn","Soco Gravitico","Gravitic Punch","1","SP","PTEN","C","R","","105",""
"Guildas de Ravnica","Guilds of Ravnica","grn","Vaporeo em Fuga","Runaway Steam-Kin","1","SP","PTEN","R","R","","115",""
"Guildas de Ravnica","Guilds of Ravnica","grn","Varinha de Vertebras","Wand of Vertebrae","1","SP","PTEN","U","C","","242",""
"Hora da Devastação","Hour of Devastation","hou","Abominacao Esculpida","Graven Abomination","1","SP","PTEN","C","C","","162",""
"Hora da Devastação","Hour of Devastation","hou","Amuleto do Viajante","Traveler's Amulet","1","SP","PTEN","C","C","","167",""
"Hora da Devastação","Hour of Devastation","hou","Atiradores do Arcoamargo","Bitterbow Sharpshooters","1","SP","PTEN","C","G","","112",""
"Hora da Devastação","Hour of Devastation","hou","Aviana da Esperanca Duradoura","Aven of Enduring Hope","1","SP","PTEN","C","W","","5",""
"Hora da Devastação","Hour of Devastation","hou","Borrao de Laminas","Blur of Blades","1","SP","PTEN","C","R","","84",""
"Hora da Devastação","Hour of Devastation","hou","Camelo Nefasto","Wretched Camel","1","SP","PTEN","C","B","","82",""
"Hora da Devastação","Hour of Devastation","hou","Camelo Solitario","Solitary Camel","1","SP","PTEN","C","W","","23",""
"Hora da Devastação","Hour of Devastation","hou","Cuidadora da Esperanca","Hope Tender","1","SP","PTEN","U","G","","119",""
"Hora da Devastação","Hour of Devastation","hou","Dadiva da Forca","Gift of Strength","2","SP","PTEN","C","G","","117",""
"Hora da Devastação","Hour of Devastation","hou","Dentocero Dourado","Gilded Cerodon","1","SP","PTEN","C","R","","94",""
"Hora da Devastação","Hour of Devastation","hou","Derrota de Chandra","Chandra's Defeat","1","SP","PTEN","U","R","","86",""
"Hora da Devastação","Hour of Devastation","hou","Derrota de Jace","Jace's Defeat","1","SP","PTEN","U","U","","38",""
"Hora da Devastação","Hour of Devastation","hou","Enviar // Oblivio","Consign // Oblivion","1","SP","PTEN","U","M","","149",""
"Hora da Devastação","Hour of Devastation","hou","Eterno Impiedoso","Merciless Eternal","1","SP","PTEN","U","B","","71",""
"Hora da Devastação","Hour of Devastation","hou","Eterno Khenra","Khenra Eternal","2","SP","PTEN","C","B","","66",""
"Hora da Devastação","Hour of Devastation","hou","Furia Inflamada","Kindled Fury","1","SP","PTEN","C","R","","101",""
"Hora da Devastação","Hour of Devastation","hou","Guinchador Carniceiro","Carrion Screecher","1","SP","PTEN","C","B","","61",""
"Hora da Devastação","Hour of Devastation","hou","Naga Cacadora","Harrier Naga","1","SP","PTEN","C","G","","118",""
"Hora da Devastação","Hour of Devastation","hou","Rajada de Areia","Sandblast","1","SP","PTEN","C","W","","20",""
"Hora da Devastação","Hour of Devastation","hou","Sem Fraqueza","Without Weakness","1","SP","PTEN","C","B","","81",""
"Hora da Devastação","Hour of Devastation","hou","Sobreviventes Resolutos","Resolute Survivors","1","SP","PTEN","U","M","","142",""
"Hora da Devastação","Hour of Devastation","hou","Tita Granitico","Granitic Titan","1","SP","PTEN","C","R","","95",""
"Hora da Devastação","Hour of Devastation","hou","Tormento de Veneno","Torment of Venom","1","SP","PTEN","C","B","","79",""
"Hora da Devastação","Hour of Devastation","hou","Vidente do Ultimo Amanha","Seer of the Last Tomorrow","1","SP","PTEN","C","U","","44",""
"Hora da Devastação","Hour of Devastation","hou","Vizir da Verdadeira","Vizier of the True","1","SP","PTEN","U","W","","28",""
"","Iconic Masters","ima","Bola de Fogo","Fireball","1","SP","PTEN","U","R","","128",""
"","Iconic Masters","ima","Ceratok Coroado","Crowned Ceratok","3","SP","PTEN","C","G","","158",""
"","Iconic Masters","ima","Demonio Fornalha","Kiln Fiend","1","SP","PTEN","C","R","","137",""
"","Iconic Masters","ima","Elemental de Hera","Ivy Elemental","1","SP","PTEN","C","G","","170",""
"","Iconic Masters","ima","Espada de Trepanacao","Trepanation Blade","1","SP","PTEN","U","C","","231",""
"","Iconic Masters","ima","Farrista Morto","Dead Reveler","1","SP","PTEN","C","B","","86",""
"","Iconic Masters","ima","Medalhao da Furia","Fury Charm","1","SP","PTEN","C","R","","130",""
"","Iconic Masters","ima","Pilar de Chamas","Pillar of Flame","2","SP","PTEN","C","R","","141",""
"","Iconic Masters","ima","Predacao Aerea","Aerial Predation","1","SP","PTEN","C","G","","154",""
"","Iconic Masters","ima","Salamandra Purulenta","Festering Newt","1","SP","PTEN","C","B","","90",""
"Ikoria: Terra de Colossos","Ikoria: Lair of Behemoths","iko","Garras de Ancinho","Raking Claws","1","SP","PTEN","C","R","","131",""
"Innistrad","Innistrad","isd","Patricio de Markov","Markov Patrician","1","SP","PTEN","C","B","","107",""
"Innistrad","Innistrad","isd","Pique do Trovador Magico","Runechanter's Pike","1","SP","PTEN","R","C","","231",""
"Innistrad","Innistrad","isd","Punicao do Herege","Heretic's Punishment","1","SP","PTEN","R","R","","147",""
"Innistrad","Innistrad","isd","Sangue Traidor","Traitorous Blood","1","SP","PTEN","C","R","","166",""
"Innistrad","Innistrad","isd","Sino do Invocador de Carnicais","Ghoulcaller's Bell","1","SP","PTEN","C","C","","224",""
"","Innistrad Remastered","inr","Abrasao","Abrade","1","SP","PTEN","C","R","","139",""
"","Innistrad Remastered","inr","Alianca Selvagem","Savage Alliance","1","SP","PTEN","U","R","","169",""
"","Innistrad Remastered","inr","Coisa do Enxame Horrendo","It of the Horrid Swarm","1","SP","PTEN","C","C","","6",""
"","Innistrad Remastered","inr","Desmembrador Suturado","Stitched Mangler","1","SP","PTEN","C","U","","87",""
"","Innistrad Remastered","inr","Dispensa Sumaria","Summary Dismissal","1","SP","PTEN","U","U","","88",""
"","Innistrad Remastered","inr","Epicurista Voldaren","Voldaren Epicure","2","SP","PTEN","C","R","","182",""
"","Innistrad Remastered","inr","Fe Intacta","Faith Unbroken","1","SP","PTEN","U","W","","21",""
"","Innistrad Remastered","inr","Furia Liberta","Uncaged Fury","1","SP","PTEN","U","R","","177",""
"","Innistrad Remastered","inr","Grifino Miseravel","Wretched Gryff","1","SP","PTEN","C","C","","7",""
"","Innistrad Remastered","inr","Machado Relampejante","Lightning Axe","1","SP","PTEN","U","R","","162",""
"","Innistrad Remastered","inr","Morta Perseguida","Haunted Dead","1","SP","PTEN","U","B","","116",""
"","Innistrad Remastered","inr","Mutacao Espontanea","Spontaneous Mutation","2","SP","PTEN","C","U","","86",""
"","Innistrad Remastered","inr","Ocultista Stromkirk","Stromkirk Occultist","1","SP","PTEN","U","R","","173",""
"","Innistrad Remastered","inr","Partida Silenciosa","Silent Departure","1","SP","PTEN","C","U","","84",""
"","Innistrad Remastered","inr","Raiva Ancestral","Ancestral Anger","1","SP","PTEN","C","R","","141",""
"","Innistrad Remastered","inr","Reunir os Camponeses","Rally the Peasants","1","SP","PTEN","U","W","","37",""
"","Innistrad Remastered","inr","Sincopar","Syncopate","1","SP","PTEN","C","U","","89",""
"","Innistrad Remastered","inr","Skaab das Laminas Suturadas","Bladestitched Skaab","1","SP","PTEN","U","M","","231",""
"","Innistrad Remastered","inr","Temperamento Explosivo","Fiery Temper","1","SP","PTEN","U","R","","154",""
"","Innistrad Remastered","inr","Termoalquimista","Thermo-Alchemist","4","SP","PTEN","U","R","","174",""
"","Innistrad Remastered","inr","Triscaidecafobia","Triskaidekaphobia","1","SP","PTEN","U","B","","136",""
"","Innistrad Remastered","inr","Vibora de Emboscada","Ambush Viper","1","SP","PTEN","C","G","","186",""
"","Innistrad Remastered","inr","Virtude Intangivel","Intangible Virtue","1","SP","PTEN","U","W","","29",""
"Innistrad: Caçada à Meia-noite","Innistrad: Midnight Hunt","mid","Amalgama da Costa Naufraga","Drownyard Amalgam","1","SP","PTEN","C","U","","50",""
"Innistrad: Caçada à Meia-noite","Innistrad: Midnight Hunt","mid","Arrasar a Efigie","Raze the Effigy","1","SP","PTEN","C","R","","156",""
"Innistrad: Caçada à Meia-noite","Innistrad: Midnight Hunt","mid","Elementalista Ardente","Ardent Elementalist","1","SP","PTEN","C","R","","128",""
"Innistrad: Caçada à Meia-noite","Innistrad: Midnight Hunt","mid","Encantadora de Morcegos","Bat Whisperer","2","SP","PTEN","C","B","","86",""
"Innistrad: Caçada à Meia-noite","Innistrad: Midnight Hunt","mid","Fora da Lei Arrogante","Arrogant Outlaw","1","SP","PTEN","C","B","","84",""
"Innistrad: Caçada à Meia-noite","Innistrad: Midnight Hunt","mid","Frenesi Lunar","Lunar Frenzy","1","SP","PTEN","U","R","","147",""
"Innistrad: Caçada à Meia-noite","Innistrad: Midnight Hunt","mid","Infusao Arcana","Arcane Infusion","1","SP","PTEN","U","M","","210",""
"Innistrad: Caçada à Meia-noite","Innistrad: Midnight Hunt","mid","Maldicao da Fe Abalada","Curse of Shaken Faith","1","SP","PTEN","R","R","","134",""
"Innistrad: Caçada à Meia-noite","Innistrad: Midnight Hunt","mid","Rejuvenescedora Cervo da Aurora","Dawnhart Rejuvenator","1","SP","PTEN","C","G","","180",""
"Innistrad: Caçada à Meia-noite","Innistrad: Midnight Hunt","mid","Segredos da Chave","Secrets of the Key","1","SP","PTEN","C","U","","73",""
"Innistrad: Caçada à Meia-noite","Innistrad: Midnight Hunt","mid","Turba Incontrolavel","Unruly Mob","1","SP","PTEN","C","W","","40",""
"Innistrad: Caçada à Meia-noite","Innistrad: Midnight Hunt","mid","Vadrik, Arquimago Astral","Vadrik, Astral Archmage","1","SP","PTEN","R","M","","248",""
"Innistrad: Voto Carmesim","Innistrad: Crimson Vow","vow","Bucha de Catapulta","Catapult Fodder","1","SP","PTEN","U","B","","99",""
"Innistrad: Voto Carmesim","Innistrad: Crimson Vow","vow","Impulso Temerario","Reckless Impulse","1","NM","EN","C","R","","174",""
"Innistrad: Voto Carmesim (Commander)","Innistrad: Crimson Vow (Commander)","voc","Diamante Celeste","Sky Diamond","1","SP","PTEN","C","C","","167",""
"Innistrad: Voto Carmesim (Commander)","Innistrad: Crimson Vow (Commander)","voc","Diamante de Carvao","Charcoal Diamond","1","SP","PTEN","C","C","","162",""
"Innistrad: Voto Carmesim (Commander)","Innistrad: Crimson Vow (Commander)","voc","Inundacao de Lagrimas","Flood of Tears","1","SP","PTEN","R","U","","104",""
"Innistrad: Voto Carmesim (Commander)","Innistrad: Crimson Vow (Commander)","voc","Medalhao Azorius","Azorius Locket","1","SP","PTEN","C","C","","160",""
"Invasão","Invasion","in","Assassino Phyrexiano","Phyrexian Slayer","1","SP","PTEN","C","B","","118",""
"Invasão","Invasion","in","Batedor Kavu","Kavu Scout","1","SP","PTEN","C","R","","151",""
"Investida","Onslaught","on","Fagulheiro","Sparksmith","1","SP","PTEN","C","R","","235",""
"Investida","Onslaught","on","Palavras de Guerra","Words of War","1","SP","PTEN","R","R","","244",""
"","Ixalan","xln","Profundezas do Desejo","Depths of Desire","1","SP","PTEN","C","U","","52",""
"","Jumpstart 2022","j22","Ferroadora de Drannith","Drannith Stinger","1","SP","PTEN","C","R","","78",""
"","Jumpstart 2022","j22","","Instruments of War","1","SP","PTEN","U","C","","50",""
"Juramento das Sentinelas","Oath of the Gatewatch","ogw","Arreio de Andarilho","Strider Harness","1","SP","PTEN","U","C","","167",""
"Juramento das Sentinelas","Oath of the Gatewatch","ogw","Assentamento da Resistencia","Holdout Settlement","1","SP","PTEN","C","L","","172",""
"Juramento das Sentinelas","Oath of the Gatewatch","ogw","Comando de Zada","Zada's Commando","3","SP","PTEN","C","R","","120",""
"Juramento das Sentinelas","Oath of the Gatewatch","ogw","Corredor Livre Goblin","Goblin Freerunner","1","SP","PTEN","C","R","","111",""
"Juramento das Sentinelas","Oath of the Gatewatch","ogw","Devorar nas Chamas","Devour in Flames","1","SP","PTEN","U","R","","106",""
"Juramento das Sentinelas","Oath of the Gatewatch","ogw","Eldrazi Imobilizador","Immobilizer Eldrazi","1","SP","PTEN","U","R","","97",""
"Juramento das Sentinelas","Oath of the Gatewatch","ogw","Enxertador do Vazio","Void Grafter","1","SP","PTEN","U","M","","150",""
"Juramento das Sentinelas","Oath of the Gatewatch","ogw","Esgotador de Essencia","Essence Depleter","2","SP","PTEN","U","B","","69",""
"Juramento das Sentinelas","Oath of the Gatewatch","ogw","Forcar a Servir","Press into Service","3","SP","PTEN","U","R","","114",""
"Juramento das Sentinelas","Oath of the Gatewatch","ogw","Gavinhas Esfoladoras","Flaying Tendrils","1","SP","PTEN","U","B","","70",""
"Juramento das Sentinelas","Oath of the Gatewatch","ogw","Gorja de Kozilek","Maw of Kozilek","1","NM","EN","C","R","","99",""
"Juramento das Sentinelas","Oath of the Gatewatch","ogw","Guerrilheiro Imprudente","Reckless Bushwhacker","1","NM","EN","U","R","","116",""
"Juramento das Sentinelas","Oath of the Gatewatch","ogw","Guinchador de Kozilek","Kozilek's Shrieker","1","SP","PTEN","C","B","","73",""
"Juramento das Sentinelas","Oath of the Gatewatch","ogw","Lagrimas de Valakut","Tears of Valakut","2","SP","PTEN","U","R","","118",""
"Juramento das Sentinelas","Oath of the Gatewatch","ogw","Maga das Correntes de Zulaport","Zulaport Chainmage","1","SP","PTEN","C","B","","93",""
"Juramento das Sentinelas","Oath of the Gatewatch","ogw","Negar","Negate","2","SP","PTEN","C","U","","59",""
"Juramento das Sentinelas","Oath of the Gatewatch","ogw","Rastejador Edrico","Hedron Crawler","1","SP","PTEN","C","C","","164",""
"Juramento das Sentinelas","Oath of the Gatewatch","ogw","Ruina em Seus Rastros","Ruin in Their Wake","1","SP","PTEN","U","G","","122",""
"Juramento das Sentinelas","Oath of the Gatewatch","ogw","Semeador da Devastacao","Havoc Sower","2","SP","PTEN","U","B","","71",""
"Juramento das Sentinelas","Oath of the Gatewatch","ogw","Senhor do Ciclone","Cyclone Sire","1","SP","PTEN","U","U","","54",""
"Juramento das Sentinelas","Oath of the Gatewatch","ogw","Trol Ceifador","Harvester Troll","1","SP","PTEN","U","G","","133",""
"Juramento das Sentinelas","Oath of the Gatewatch","ogw","Zangao Despojador","Reaver Drone","1","SP","PTEN","U","B","","76",""
"","Kaladesh","kld","Aerobaleia-de-aleta-longa","Long-Finned Skywhale","2","SP","PTEN","U","U","","54",""
"","Kaladesh","kld","Aeroesquife","Sky Skiff","1","SP","PTEN","C","C","","233",""
"","Kaladesh","kld","Ambicao de Tezzeret","Tezzeret's Ambition","1","SP","PTEN","C","U","","65",""
"","Kaladesh","kld","Aprendiz do Inventor","Inventor's Apprentice","3","SP","PTEN","U","R","","120",""
"","Kaladesh","kld","Artesao dos Espigoes","Highspire Artisan","1","SP","PTEN","C","G","","157",""
"","Kaladesh","kld","Artista Espontanea","Spontaneous Artist","1","SP","PTEN","C","R","","134",""
"","Kaladesh","kld","As das Marchas","Gearshift Ace","1","SP","PTEN","U","W","","16",""
"","Kaladesh","kld","Aseiro de Soldafirme","Weldfast Wingsmith","1","SP","PTEN","C","U","","69",""
"","Kaladesh","kld","Ataque Inspirado","Inspired Charge","2","SP","PTEN","C","W","","20",""
"","Kaladesh","kld","Balista de Ataque","Ballista Charger","1","SP","PTEN","U","C","","196",""
"","Kaladesh","kld","Bandar Astuto","Wily Bandar","1","SP","PTEN","C","G","","175",""
"","Kaladesh","kld","Capanga de Embraal","Embraal Bruiser","1","SP","PTEN","U","B","","79",""
"","Kaladesh","kld","Centelha de Criatividade","Spark of Creativity","1","SP","PTEN","U","R","","131",""
"","Kaladesh","kld","Colonia de Ornamentistas","Fretwork Colony","2","SP","PTEN","U","B","","83",""
"","Kaladesh","kld","Companheiro de Confianca","Trusty Companion","1","SP","PTEN","U","W","","33",""
"","Kaladesh","kld","Construido para Arrebentar","Built to Smash","4","SP","PTEN","C","R","","108",""
"","Kaladesh","kld","Coragem Ornamental","Ornamental Courage","1","SP","PTEN","C","G","","164",""
"","Kaladesh","kld","Demolir","Demolish","1","SP","PTEN","C","R","","113",""
"","Kaladesh","kld","Depala, Piloto Exemplar","Depala, Pilot Exemplar","2","SP","PTEN","R","M","","178",""
"","Kaladesh","kld","Descoberta Fortuita","Fortuitous Find","1","SP","PTEN","C","B","","81",""
"","Kaladesh","kld","Dragonete do Vento","Wind Drake","1","SP","PTEN","C","U","","70",""
"","Kaladesh","kld","Dragster da Pista Oval","Ovalchase Dragster","6","SP","PTEN","U","C","","225",""
"","Kaladesh","kld","Dromedario Borlado","Tasseled Dromedary","1","SP","PTEN","C","W","","30",""
"","Kaladesh","kld","Entusiasta de Armificio","Weaponcraft Enthusiast","2","SP","PTEN","U","B","","105",""
"","Kaladesh","kld","Eremita da Mare Alta","Hightide Hermit","1","SP","PTEN","C","U","","51",""
"","Kaladesh","kld","Espetaculo de Gigantes","Giant Spectacle","3","SP","PTEN","C","R","","116",""
"","Kaladesh","kld","Esportivo Rodalepida","Fleetwheel Cruiser","1","SP","PTEN","R","C","","214",""
"","Kaladesh","kld","Esquadrao Punho-de-marreta","Maulfist Squad","1","SP","PTEN","C","B","","91",""
"","Kaladesh","kld","Estoque Confiscado","Sequestered Stash","1","SP","PTEN","U","L","","248",""
"","Kaladesh","kld","Etergenito Ambicioso","Ambitious Aetherborn","1","SP","PTEN","C","B","","72",""
"","Kaladesh","kld","Experimento Inconsequente","Madcap Experiment","1","SP","PTEN","R","R","","122",""
"","Kaladesh","kld","Exposicao de Servus","Servo Exhibition","2","SP","PTEN","U","W","","27",""
"","Kaladesh","kld","Extracao de Essencia","Essence Extraction","1","SP","PTEN","U","B","","80",""
"","Kaladesh","kld","Fanatica das Pistas","Speedway Fanatic","6","SP","PTEN","U","R","","132",""
"","Kaladesh","kld","Fieiros Elegantes","Elegant Edgecrafters","1","SP","PTEN","U","G","","154",""
"","Kaladesh","kld","Fragmentalizar","Fragmentize","3","SP","PTEN","C","W","","14",""
"","Kaladesh","kld","Fretista Renegado","Renegade Freighter","2","SP","PTEN","C","C","","230",""
"","Kaladesh","kld","Garca Nidilume","Glint-Nest Crane","1","SP","PTEN","U","U","","50",""
"","Kaladesh","kld","Gaviao do Redemoinho","Skyswirl Harrier","1","SP","PTEN","C","W","","28",""
"","Kaladesh","kld","Gigante Erratico","Wayward Giant","1","SP","PTEN","C","R","","139",""
"","Kaladesh","kld","Golpe Sutil","Subtle Strike","1","SP","PTEN","C","B","","100",""
"","Kaladesh","kld","Guarda Escudo do Consul","Consul's Shieldguard","1","SP","PTEN","U","W","","11",""
"","Kaladesh","kld","Guinchador da Fundicao","Foundry Screecher","1","SP","PTEN","C","B","","82",""
"","Kaladesh","kld","Ibex Vigoroso","Thriving Ibex","1","SP","PTEN","C","W","","31",""
"","Kaladesh","kld","Inicio das Festividades","Commencement of Festivities","1","SP","PTEN","C","G","","148",""
"","Kaladesh","kld","Inspecao Fracassada","Failed Inspection","2","SP","PTEN","C","U","","47",""
"","Kaladesh","kld","Lamina-mestre Vedalkeano","Vedalken Blademaster","1","SP","PTEN","C","U","","68",""
"","Kaladesh","kld","Larvas Vigorosas","Thriving Grubs","1","SP","PTEN","C","R","","138",""
"","Kaladesh","kld","Manobra Acrobatica","Acrobatic Maneuver","1","SP","PTEN","C","W","","1",""
"","Kaladesh","kld","Mastodonte do Bastiao","Bastion Mastodon","1","SP","PTEN","C","C","","197",""
"","Kaladesh","kld","Mecanica do Aviario","Aviary Mechanic","1","SP","PTEN","C","W","","6",""
"","Kaladesh","kld","Mecanopeia do Prakhata","Prakhata Pillar-Bug","1","SP","PTEN","C","C","","228",""
"","Kaladesh","kld","Morrer Jovem","Die Young","2","SP","PTEN","C","B","","76",""
"","Kaladesh","kld","Motorista Veterano","Veteran Motorist","4","SP","PTEN","U","M","","188",""
"","Kaladesh","kld","Necrofago do Dukhara","Dukhara Scavenger","1","SP","PTEN","C","B","","77",""
"","Kaladesh","kld","Pavao de Dukhara","Dukhara Peafowl","1","SP","PTEN","C","C","","207",""
"","Kaladesh","kld","Pioneira dos Propulsores","Propeller Pioneer","2","SP","PTEN","C","W","","24",""
"","Kaladesh","kld","Piro-helice de Chandra","Chandra's Pyrohelix","1","SP","PTEN","C","R","","111",""
"","Kaladesh","kld","Pisoteador Dorsoverde","Arborback Stomper","1","SP","PTEN","U","G","","142",""
"","Kaladesh","kld","Poder Fabricado","Engineered Might","1","SP","PTEN","U","M","","181",""
"","Kaladesh","kld","Ponto de Pressao","Pressure Point","1","SP","PTEN","C","W","","23",""
"","Kaladesh","kld","Prisma Profetico","Prophetic Prism","1","SP","PTEN","C","C","","229",""
"","Kaladesh","kld","Quebra-cabeca do Engreneiro","Cogworker's Puzzleknot","1","SP","PTEN","C","C","","201",""
"","Kaladesh","kld","Raio Domesticado","Harnessed Lightning","1","SP","PTEN","U","R","","117",""
"","Kaladesh","kld","Ratos Vigorosos","Thriving Rats","1","SP","PTEN","C","B","","102",""
"","Kaladesh","kld","Redecorar","Refurbish","1","SP","PTEN","U","W","","25",""
"","Kaladesh","kld","Renegado da Tocha de Eter","Aethertorch Renegade","1","SP","PTEN","U","R","","106",""
"","Kaladesh","kld","Represalia Furiosa","Furious Reprisal","1","SP","PTEN","U","R","","115",""
"","Kaladesh","kld","Repudio Revolucionario","Revolutionary Rebuff","1","SP","PTEN","C","U","","61",""
"","Kaladesh","kld","Sabio da Reivindicacao de Shaila","Sage of Shaila's Claim","1","SP","PTEN","C","G","","168",""
"","Kaladesh","kld","Saurio de Soldafirme","Weldfast Monitor","1","SP","PTEN","C","C","","238",""
"","Kaladesh","kld","Sequestrar","Hijack","1","SP","PTEN","C","R","","118",""
"","Kaladesh","kld","Terror da Feira","Terror of the Fairgrounds","2","SP","PTEN","C","R","","137",""
"","Kaladesh","kld","Toptero de Captura","Snare Thopter","1","SP","PTEN","U","C","","236",""
"","Kaladesh","kld","Truque de Desaparecimento","Disappearing Act","1","SP","PTEN","U","U","","43",""
"","Kaladesh","kld","Ventos Alisios de Eter","AEther Tradewinds","1","SP","PTEN","C","U","","38",""
"","Kaladesh","kld","Vigilancia do Consulado","Consulate Surveillance","1","SP","PTEN","U","W","","10",""
"","Kaladesh","kld","Viver a Toda","Live Fast","1","SP","PTEN","C","B","","87",""
"","Kaldheim","khm","Abrir as Trilhas dos Pressagios","Open the Omenpaths","1","SP","PTEN","C","R","","143",""
"","Kaldheim","khm","Apreender os Espolios","Seize the Spoils","2","SP","PTEN","C","R","","149",""
"","Kaldheim","khm","Ataque Duplo","Dual Strike","1","SP","PTEN","U","R","","132",""
"","Kaldheim","khm","Dons Demoniacos","Demonic Gifts","1","SP","PTEN","C","B","","84",""
"","Kaldheim","khm","Enlouquecer de Furia","Run Amok","1","SP","PTEN","C","R","","147",""
"","Kaldheim","khm","Mordida Gelida","Frost Bite","1","SP","PTEN","C","R","","138",""
"","Kaldheim","khm","Reunir as Fileiras","Rally the Ranks","1","SP","PTEN","R","W","","20",""
"","Kaldheim Commander","khc","Angra Tranquila","Tranquil Cove","1","SP","PTEN","C","L","","119",""
"","Kaldheim Commander","khc","Rio Sinuoso","Meandering River","1","SP","PTEN","C","L","","114",""
"Kamigawa: Dinastia Neon","Kamigawa: Neon Dynasty","neo","A Era dos Estados Despedacados","The Shattered States Era","1","SP","PTEN","C","R","","162",""
"Kamigawa: Dinastia Neon","Kamigawa: Neon Dynasty","neo","Atirador do Tiro Duplo","Twinshot Sniper","1","SP","PTEN","U","R","","168",""
"Kamigawa: Dinastia Neon","Kamigawa: Neon Dynasty","neo","Chute Rodado","Spinning Wheel Kick","1","SP","PTEN","U","G","","207",""
"Kamigawa: Dinastia Neon","Kamigawa: Neon Dynasty","neo","Colosso Trovao de Aco","Thundersteel Colossus","4","SP","PTEN","C","C","","261",""
"Kamigawa: Dinastia Neon","Kamigawa: Neon Dynasty","neo","Constructo de Contencao","Containment Construct","1","SP","PTEN","U","C","Foil","243",""
"Kamigawa: Dinastia Neon","Kamigawa: Neon Dynasty","neo","Entrada Explosiva","Explosive Entry","1","SP","PTEN","C","R","","139",""
"Kamigawa: Dinastia Neon","Kamigawa: Neon Dynasty","neo","Figurona da Mecanica","Hotshot Mechanic","1","SP","PTEN","U","W","","16",""
"Kamigawa: Dinastia Neon","Kamigawa: Neon Dynasty","neo","Hidetsugu, Caos Devorador","Hidetsugu, Devouring Chaos","1","SP","PTEN","R","B","","99",""
"Kamigawa: Dinastia Neon","Kamigawa: Neon Dynasty","neo","Invocar Calamidade","Invoke Calamity","1","SP","PTEN","R","R","","147",""
"Kamigawa: Dinastia Neon","Kamigawa: Neon Dynasty","neo","Kumano Enfrenta Kakkazan","Kumano Faces Kakkazan","1","SP","PTEN","U","R","","152",""
"Kamigawa: Dinastia Neon","Kamigawa: Neon Dynasty","neo","Presa de Shigeki","Fang of Shigeki","1","SP","PTEN","C","G","","183",""
"Kamigawa: Dinastia Neon","Kamigawa: Neon Dynasty","neo","Robo-gari Fugitivo","Runaway Trash-Bot","1","SP","PTEN","U","C","","257",""
"Kamigawa: Dinastia Neon","Kamigawa: Neon Dynasty","neo","Satoru Umezawa","Satoru Umezawa","1","NM","PT","R","M","Foil","234",""
"Kamigawa: Dinastia Neon","Kamigawa: Neon Dynasty","neo","Terminal de Rede","Network Terminal","1","SP","PTEN","C","C","","251",""
"Kamigawa: Dinastia Neon (Commander)","Kamigawa: Neon Dynasty (Commander)","nec","Almirante Aeronauta","Aeronaut Admiral","1","SP","PTEN","U","W","","79",""
"Kamigawa: Dinastia Neon (Commander)","Kamigawa: Neon Dynasty (Commander)","nec","Myojin da Aurora Florescente","Myojin of Blooming Dawn","1","SP","PTEN","R","W","","31",""
"Kamigawa: Dinastia Neon (Commander)","Kamigawa: Neon Dynasty (Commander)","nec","Myr de Prata","Silver Myr","1","SP","PTEN","C","C","","158",""
"Kamigawa: Dinastia Neon (Promo)","Kamigawa: Neon Dynasty (Promo)","pneo","Satoru Umezawa","Satoru Umezawa","1","SP","PTEN","R","M","Foil","507",""
"Kamigawa: Dinastia Neon (Variantes)","Kamigawa: Neon Dynasty (Variants)","vneo","Kappa Quebra-maquinas","Kappa Tech-Wrecker","1","SP","PTEN","U","G","","348",""
"Kamigawa: Dinastia Neon (Variantes)","Kamigawa: Neon Dynasty (Variants)","vneo","Singularidade Explosiva (#383)","Explosive Singularity (#383)","1","SP","PTEN","M","R","","383",""
"Khans de Tarkir","Khans of Tarkir","ktk","Ato de Traicao","Act of Treason","2","SP","PTEN","C","R","","95",""
"Khans de Tarkir","Khans of Tarkir","ktk","Avalanche de Goblins","Goblinslide","2","SP","PTEN","U","R","","109",""
"Khans de Tarkir","Khans of Tarkir","ktk","Companheiro de Horda Oportuno","Timely Hordemate","1","SP","PTEN","U","W","","27",""
"Khans de Tarkir","Khans of Tarkir","ktk","Cordilheiras das Cascatas","Swiftwater Cliffs","2","SP","PTEN","C","L","","243",""
"Khans de Tarkir","Khans of Tarkir","ktk","Encarnacao da Primavera","Embodiment of Spring","1","SP","PTEN","C","U","","39",""
"Khans de Tarkir","Khans of Tarkir","ktk","Estilhacar","Shatter","1","SP","PTEN","C","R","","120",""
"Khans de Tarkir","Khans of Tarkir","ktk","Herdeiro do Mundo Selvagem","Heir of the Wilds","1","SP","PTEN","U","G","","134",""
"Khans de Tarkir","Khans of Tarkir","ktk","Mentor Sangue-igneo","Bloodfire Mentor","2","SP","PTEN","C","R","","102",""
"Khans de Tarkir","Khans of Tarkir","ktk","Primogenito das Geleiras","Scion of Glaciers","1","SP","PTEN","U","U","","53",""
"Khans de Tarkir","Khans of Tarkir","ktk","Raio Voltaico","Arc Lightning","1","SP","PTEN","U","R","","97",""
"Khans de Tarkir","Khans of Tarkir","ktk","Segredo do Rakshasa","Rakshasa's Secret","1","SP","PTEN","C","B","","84",""
"Khans de Tarkir","Khans of Tarkir","ktk","Tecnica da Garca Voadora","Flying Crane Technique","1","SP","PTEN","R","M","","176",""
"Labirinto do Dragão","Dragon's Maze","dgm","Pedra dos Indicios Izzet","Izzet Cluestone","1","SP","PTEN","C","C","","141",""
"Lealdade em Ravnica","Ravnica Allegiance","rna","Colapso do Pensamento","Thought Collapse","1","SP","PTEN","C","U","","57",""
"Lealdade em Ravnica","Ravnica Allegiance","rna","Cospe-lanca","Spear Spewer","4","SP","PTEN","C","R","","117",""
"Lealdade em Ravnica","Ravnica Allegiance","rna","Depredar","Deface","1","SP","PTEN","C","R","","98",""
"Lealdade em Ravnica","Ravnica Allegiance","rna","Espirito Pestilento","Pestilent Spirit","1","SP","PTEN","R","B","","81",""
"Lealdade em Ravnica","Ravnica Allegiance","rna","Esqueleto da Sarjeta","Gutterbones","1","SP","PTEN","R","B","","76",""
"Lealdade em Ravnica","Ravnica Allegiance","rna","Goblin Zhur-Taa","Zhur-Taa Goblin","1","SP","PTEN","U","M","","215",""
"Lealdade em Ravnica","Ravnica Allegiance","rna","Limpar a Mente","Clear the Mind","1","SP","PTEN","C","U","","34",""
"Lealdade em Ravnica","Ravnica Allegiance","rna","Reflexo das Possibilidades","Shimmer of Possibility","2","SP","PTEN","C","U","","51",""
"Lealdade em Ravnica","Ravnica Allegiance","rna","Xama da Imolacao","Immolation Shaman","2","SP","PTEN","R","R","","106",""
"Lealdade em Ravnica","Ravnica Allegiance","rna","Xama do Clamor","Clamor Shaman","1","SP","PTEN","U","R","","96",""
"","Lorwyn Eclipsed Commander","ecc","Bosque Vicejante","Thriving Grove","1","SP","PTEN","C","L","","171",""
"","Lorwyn Eclipsed Commander","ecc","Esfera do Comandante","Commander's Sphere","4","SP","PTEN","C","C","","139",""
"","Lorwyn Eclipsed Commander","ecc","Levante de Garruk","Garruk's Uprising","1","SP","PTEN","U","G","","109",""
"","Lorwyn Eclipsed Commander","ecc","Mastiga-Lingote","Ingot Chewer","1","SP","PTEN","C","R","","95",""
"","Lorwyn Eclipsed Commander","ecc","Pira Catartica","Cathartic Pyre","1","SP","PTEN","U","R","","90",""
"","Lorwyn Eclipsed Commander","ecc","Reacao em Cadeia","Chain Reaction","1","SP","PTEN","R","R","","92",""
"","Lorwyn Eclipsed Commander","ecc","Territorio Nao Reivindicado","Unclaimed Territory","1","SP","PTEN","U","L","","175",""
"Lua Arcana","Eldritch Moon","emn","Cataro Resoluto","Steadfast Cathar","1","SP","PTEN","C","W","","44",""
"Lua Arcana","Eldritch Moon","emn","Cativo de Ulvenwald","Ulvenwald Captive","1","SP","PTEN","C","G","","175",""
"Lua Arcana","Eldritch Moon","emn","Causar Confusao","Make Mischief","1","SP","PTEN","C","R","","135",""
"Lua Arcana","Eldritch Moon","emn","Cruzado Markov","Markov Crusader","1","SP","PTEN","U","B","","95",""
"Lua Arcana","Eldritch Moon","emn","Destempero do Sangue","Distemper of the Blood","1","SP","PTEN","C","R","","126",""
"Lua Arcana","Eldritch Moon","emn","Desviar Olhar","Turn Aside","1","SP","PTEN","C","U","","78",""
"Lua Arcana","Eldritch Moon","emn","Espreitador de Kessig","Kessig Prowler","1","SP","PTEN","U","G","","163",""
"Lua Arcana","Eldritch Moon","emn","Fluxo Incendiario","Incendiary Flow","1","SP","PTEN","U","R","","133",""
"Lua Arcana","Eldritch Moon","emn","Geists Volateis","Mercurial Geists","1","SP","PTEN","U","M","","186",""
"Lua Arcana","Eldritch Moon","emn","Homunculo Curioso","Curious Homunculus","1","SP","PTEN","U","U","","54",""
"Lua Arcana","Eldritch Moon","emn","Irrupcao de Outro Mundo","Otherworldly Outburst","1","SP","PTEN","C","R","","138",""
"Lua Arcana","Eldritch Moon","emn","Retalhos de Sanidade","Shreds of Sanity","1","SP","PTEN","U","R","","141",""
"Lua Arcana","Eldritch Moon","emn","Sobrevivencialistas da Mata","Backwoods Survivalists","1","SP","PTEN","C","G","","150",""
"Lua Arcana","Eldritch Moon","emn","Tecelao de Raios","Weaver of Lightning","1","SP","PTEN","U","R","","149",""
"Lua Arcana","Eldritch Moon","emn","Vampira Bizarra","Weirded Vampire","1","SP","PTEN","C","B","","113",""
"Magic 2010","Magic 2010","m10","Comandante do Grupo de Cerco","Siege-Gang Commander","1","SP","PTEN","R","R","","157",""
"Magic 2011","Magic 2011","m11","Forca Destrutiva","Destructive Force","1","SP","PTEN","R","R","","133",""
"Magic 2011","Magic 2011","m11","Instigar","Incite","1","SP","PTEN","C","R","","145",""
"Magic 2011","Magic 2011","m11","Linha de Forca da Punicao","Leyline of Punishment","1","SP","PTEN","R","R","","148",""
"Magic 2011","Magic 2011","m11","Neblina","Fog","1","SP","PTEN","C","G","","173",""
"Magic 2012","Magic 2012","m12","Vandalo Maniaco","Manic Vandal","1","SP","PTEN","C","R","","151",""
"Magic 2014","Magic 2014","m14","Atalhadeiro Goblin","Goblin Shortcutter","1","SP","PTEN","C","R","","142",""
"Magic 2014","Magic 2014","m14","Renascimento Vil","Vile Rebirth","1","SP","PTEN","C","B","","121",""
"Magic 2014","Magic 2014","m14","Senhor da Guerra Vampiro","Vampire Warlord","1","SP","PTEN","U","B","","120",""
"","Magic 2015","m15","A Lei do Mais Forte","Might Makes Right","1","SP","PTEN","U","R","","156",""
"","Magic 2015","m15","Cajado do Magus da Chama","Staff of the Flame Magus","1","SP","PTEN","U","C","","233",""
"","Magic 2015","m15","Chandra, Piromestra","Chandra, Pyromaster","1","SP","PTEN","M","R","","134",""
"","Magic 2015","m15","Circulo de Fogo","Circle of Flame","1","SP","PTEN","U","R","","135",""
"","Magic 2015","m15","Diabo da Tocha","Torch Fiend","1","SP","PTEN","C","R","","166",""
"","Magic 2015","m15","Feitor de Krenko","Krenko's Enforcer","1","SP","PTEN","C","R","","152",""
"Magic Origens","Magic Origins","ori","Adormecer","Send to Sleep","1","SP","PTEN","C","U","","71",""
"Magic Origens","Magic Origins","ori","Avernal Boca de Brasa","Embermaw Hellion","1","SP","PTEN","R","R","","141",""
"Magic Origens","Magic Origins","ori","Conjurador de Desgraca","Blightcaster","1","SP","PTEN","U","B","","85",""
"Magic Origens","Magic Origins","ori","Livro de Jayemdae","Jayemdae Tome","1","SP","PTEN","U","C","","231",""
"Magic Origens","Magic Origins","ori","Reduzir a Cacos","Smash to Smithereens","1","SP","PTEN","C","R","","163",""
"Magic Origens","Magic Origins","ori","Restituir","Reclaim","1","SP","PTEN","C","G","","195",""
"Magic Origens","Magic Origins","ori","Trombeta de Guerra","War Horn","1","SP","PTEN","U","C","","243",""
"Marcha das Máquinas","March of the Machines","mom","Capanga Briguento","Scrappy Bruiser","1","SP","PTEN","U","R","","162",""
"Marcha das Máquinas","March of the Machines","mom","Completar o Circuito","Complete the Circuit","1","SP","PTEN","R","U","","52",""
"Marcha das Máquinas","March of the Machines","mom","Invasao de Kamigawa","Invasion of Kamigawa","1","SP","PTEN","U","U","","62",""
"Marcha das Máquinas","March of the Machines","mom","Invasao de Mercadia","Invasion of Mercadia","1","SP","PTEN","U","R","","147",""
"Marcha das Máquinas","March of the Machines","mom","Invasao de Regatha","Invasion of Regatha","1","SP","PTEN","U","R","","148",""
"Marcha das Máquinas","March of the Machines","mom","Magimorfia Zhalfiriana","Zhalfirin Shapecraft","1","SP","PTEN","C","U","","87",""
"Marcha das Máquinas","March of the Machines","mom","Moto Velocicleta","Flywheel Racer","4","SP","PTEN","C","C","","259",""
"Marcha das Máquinas","March of the Machines","mom","No Meio do Fogo","Into the Fire","1","SP","PTEN","R","R","","144",""
"Marcha das Máquinas","March of the Machines","mom","Papa-sucata Akki","Akki Scrapchomper","2","SP","PTEN","C","R","","130",""
"Marcha das Máquinas","March of the Machines","mom","Pode Vir Quente","Coming In Hot","1","SP","PTEN","C","R","","136",""
"Marcha das Máquinas","March of the Machines","mom","Redeas da Fornalha","Furnace Reins","1","SP","PTEN","U","R","","141",""
"Marcha das Máquinas","March of the Machines","mom","Reforcos de Ral","Ral's Reinforcements","1","SP","PTEN","C","R","","158",""
"Marcha das Máquinas","March of the Machines","mom","Salva Litomantica","Lithomantic Barrage","1","SP","PTEN","U","R","","152",""
"Marcha das Máquinas: Commander","March of the Machines: Commander","moc","Goblins Paramedicos","Goblin Medics","1","NM","EN","C","R","","283",""
"Marcha das Máquinas: Commander","March of the Machines: Commander","moc","Instigador Goblin","Goblin Instigator","1","SP","PTEN","C","R","","282",""
"Marcha das Máquinas: Consequências","March of the Machine: The Aftermath","mat","Obscurecer","Blot Out","1","SP","PTEN","U","B","","12",""
"","Marvel's Spider-Man","spm","","Alien Symbiosis","1","SP","PTEN","U","B","","50",""
"","Marvel's Spider-Man","spm","","Beetle, Legacy Criminal","1","SP","PTEN","C","U","","26",""
"","Marvel's Spider-Man","spm","","Common Crook","1","SP","PTEN","C","B","","53",""
"","Marvel's Spider-Man","spm","","Daily Bugle Reporters","1","SP","PTEN","C","W","","6",""
"","Marvel's Spider-Man","spm","","Eerie Gravestone","1","SP","PTEN","C","C","","163",""
"","Marvel's Spider-Man","spm","","Electro's Bolt","1","SP","PTEN","C","R","","77",""
"","Marvel's Spider-Man","spm","","Jackal, Genius Geneticist","1","NM","PT","R","M","","131",""
"","Marvel's Spider-Man","spm","","Jackal, Genius Geneticist","1","SP","PTEN","R","M","","131",""
"","Marvel's Spider-Man","spm","","Living Brain, Mechanical Marvel","1","SP","PTEN","U","C","","167",""
"","Marvel's Spider-Man","spm","","Morlun, Devourer of Spiders","1","NM","PTEN","R","B","Foil","59",""
"","Marvel's Spider-Man","spm","","Shriek, Treblemaker","1","SP","PTEN","U","M","","144",""
"","Marvel's Spider-Man","spm","","Spider-Islanders","1","SP","PTEN","C","R","","91",""
"","Marvel's Spider-Man","spm","","Spider-Man No More","1","SP","PTEN","C","U","","45",""
"","Marvel's Spider-Man","spm","","Spider-Rex, Daring Dino","1","SP","PTEN","C","G","","116",""
"Máscaras de Mercádia","Mercadian Masques","mm","Atirador de Elite dos Kyren","Kyren Sniper","1","SP","PTEN","C","R","","199",""
"Máscaras de Mercádia","Mercadian Masques","mm","Batalha Desnivelada","Uphill Battle","1","SP","PTEN","U","R","","222",""
"Máscaras de Mercádia","Mercadian Masques","mm","Chuva de Pedras","Stone Rain","1","SP","PTEN","C","R","","215",""
"Máscaras de Mercádia","Mercadian Masques","mm","Reivindicacao do Pretendente","Pretender's Claim","1","SP","PTEN","U","B","","151",""
"Máscaras de Mercádia","Mercadian Masques","mm","Veto do Magistrado","Magistrate's Veto","1","SP","PTEN","U","R","","204",""
"","Masters 25","a25","Busardo Cabeca-da-Morte","Death's-Head Buzzard","1","SP","PTEN","C","B","","84",""
"","Masters 25","a25","Cultivar","Cultivate","1","SP","PTEN","C","G","","165",""
"","Masters 25","a25","Xama da Ira","Ire Shaman","1","SP","PTEN","U","R","","137",""
"Mirrodin","Mirrodin","mi","Jorra-Fogo","Fireshrieker","1","SP","PTEN","U","C","","171",""
"Mirrodin Sitiada","Mirrodin Besieged","mbs","Espreitador do Nucleo","Core Prowler","1","SP","PTEN","U","C","","103",""
"Mirrodin Sitiada","Mirrodin Besieged","mbs","Opositor Ogre","Ogre Resister","1","SP","PTEN","C","R","","72",""
"Mirrodin Sitiada","Mirrodin Besieged","mbs","Phyresis","Phyresis","1","SP","PTEN","C","B","","49",""
"Mirrodin Sitiada","Mirrodin Besieged","mbs","Triturar","Crush","1","SP","PTEN","C","R","","61",""
"Mirrodin Sitiada","Mirrodin Besieged","mbs","Zenite do Sol Vermelho","Red Sun's Zenith","1","SP","PTEN","R","R","","74",""
"","Modern Event Deck","md1","Almas Penadas","Lingering Souls","3","SP","PTEN","U","W","","11",""
"","Modern Event Deck","md1","Honra do Puro","Honor of the Pure","2","SP","PTEN","R","W","","6",""
"","Modern Horizons","mh1","Dardo de Lava","Lava Dart","1","SP","PTEN","C","R","","134",""
"","Modern Horizons","mh1","Infiltradora Engenhosa","Ingenious Infiltrator","1","SP","PTEN","U","M","","204",""
"","Modern Horizons","mh1","Mangusto Agil","Nimble Mongoose","1","SP","PTEN","C","G","","174",""
"","Modern Horizons","mh1","Pilhagem","Pillage","1","SP","PTEN","U","R","","139",""
"","Modern Horizons","mh1","Travessuras","Shenanigans","1","SP","PTEN","C","R","","146",""
"","Modern Horizons 2","mh2","Ataque Flamejante","Flame Blitz","4","SP","PTEN","U","R","","124",""
"","Modern Horizons 2","mh2","Cavalo de Batalha de Tizero","Tizerus Charger","1","SP","PTEN","C","B","","101",""
"","Modern Horizons 2","mh2","Explosao Calibrada","Calibrated Blast","1","SP","PTEN","R","R","","118",""
"","Modern Horizons 2","mh2","Goblin Velocista de Armadilhas","Goblin Traprunner","1","NM","EN","U","R","","130",""
"","Modern Horizons 2","mh2","Iniciada da Cabala","Cabal Initiate","2","SP","PTEN","C","B","","78",""
"","Modern Horizons 2","mh2","Insurreicao Difusa","Spreading Insurrection","1","SP","PTEN","U","R","","142",""
"","Modern Horizons 2","mh2","Recuperacao Descrente","Faithless Salvaging","4","SP","PTEN","C","R","","122",""
"","Modern Horizons 2","mh2","Rele Galvanico","Galvanic Relay","1","SP","PTEN","C","R","","127",""
"","Modern Horizons 2","mh2","Salvados Mogg","Mogg Salvage","1","SP","PTEN","U","R","","282",""
"","Modern Horizons 2","mh2","Xama dos Gorilas","Gorilla Shaman","2","SP","PTEN","U","R","","280",""
"Modern Horizons 3","Modern Horizons 3","mh3","Assalto Horripilante","Horrific Assault","1","SP","PTEN","C","G","","157",""
"Modern Horizons 3","Modern Horizons 3","mh3","Beliscadora Furtiva","Sneaky Snacker","1","SP","PTEN","C","M","","205",""
"Modern Horizons 3","Modern Horizons 3","mh3","Capturador Infernal","Infernal Captor","1","SP","PTEN","C","R","","125",""
"Modern Horizons 3","Modern Horizons 3","mh3","Chamas Dentadas","Fanged Flames","1","SP","PTEN","C","R","","118",""
"Modern Horizons 3","Modern Horizons 3","mh3","Driade de Beladona","Nightshade Dryad","1","SP","PTEN","C","G","","163",""
"Modern Horizons 3","Modern Horizons 3","mh3","Equilibrio de Poderes","Powerbalance","1","SP","PTEN","R","R","","131",""
"Modern Horizons 3","Modern Horizons 3","mh3","Erupcao Despedacadora","Sundering Eruption","1","SP","PTEN","U","R","","248",""
"Modern Horizons 3","Modern Horizons 3","mh3","Esmagar Cerco","Siege Smash","1","SP","PTEN","C","R","Foil","136",""
"Modern Horizons 3","Modern Horizons 3","mh3","Explosao Elemental Nula","Null Elemental Blast","1","SP","PTEN","U","C","","12",""
"Modern Horizons 3","Modern Horizons 3","mh3","Fatia de Lumespectro","Ghostfire Slice","1","SP","PTEN","U","R","","123",""
"Modern Horizons 3","Modern Horizons 3","mh3","Fusao","Meltdown","1","SP","PTEN","U","R","","282",""
"Modern Horizons 3","Modern Horizons 3","mh3","Insignificancia Mor","Utter Insignificance","1","SP","PTEN","C","U","","78",""
"Modern Horizons 3","Modern Horizons 3","mh3","Pedra de Energia Gasta","Worn Powerstone","1","SP","PTEN","U","C","","298",""
"Modern Horizons 3","Modern Horizons 3","mh3","Porteiro Fundente","Molten Gatekeeper","2","SP","PTEN","C","R","","128",""
"Modern Horizons 3","Modern Horizons 3","mh3","Presente da Vibora","Gift of the Viper","1","SP","PTEN","C","G","","156",""
"Modern Horizons 3","Modern Horizons 3","mh3","Ral e o Labirinto Implicito","Ral and the Implicit Maze","1","SP","PTEN","U","R","","132",""
"Modern Horizons 3","Modern Horizons 3","mh3","Ringue dos Barbaros","Barbarian Ring","1","SP","PTEN","U","L","","299",""
"Modern Horizons 3","Modern Horizons 3","mh3","Simulacro Sarpadiano","Sarpadian Simulacrum","6","SP","PTEN","C","R","","135",""
"Modern Horizons 3","Modern Horizons 3","mh3","Testemunha da Evolucao","Evolution Witness","1","SP","PTEN","C","G","","151",""
"Modern Horizons 3","Modern Horizons 3","mh3","Turba de Moggs","Mogg Mob","2","SP","PTEN","U","R","","127",""
"Modern Horizons 3","Modern Horizons 3","mh3","Verdades Imperscrutaveis","Unfathomable Truths","1","SP","PTEN","C","U","","77",""
"Modern Horizons 3","Modern Horizons 3","mh3","Vislumbre do Impossivel","Glimpse the Impossible","3","SP","PTEN","C","R","","124",""
"Modern Horizons 3 Commander","Modern Horizons 3 Commander","m3c","Artesao de Kozilek","Artisan of Kozilek","1","SP","PTEN","U","C","","153",""
"Modern Horizons 3 Commander","Modern Horizons 3 Commander","m3c","Catarata Escondida","Hidden Cataract","1","SP","PTEN","C","L","","348",""
"Modern Horizons 3 Commander","Modern Horizons 3 Commander","m3c","Caverna Esquecida","Forgotten Cave","1","SP","PTEN","C","L","","343",""
"Modern Horizons 3 Commander","Modern Horizons 3 Commander","m3c","Gerador da Estagnacao","Sire of Stagnation","1","SP","PTEN","M","M","","272",""
"Modern Horizons 3 Commander","Modern Horizons 3 Commander","m3c","Leito de Procriacao","Spawning Bed","1","SP","PTEN","U","L","","380",""
"Modern Horizons 3 Commander","Modern Horizons 3 Commander","m3c","Limo Acido","Acidic Slime","3","SP","PTEN","U","G","","218",""
"Modern Horizons 3 Commander","Modern Horizons 3 Commander","m3c","Limo Acido","Acidic Slime","1","NM","PT","U","G","","218",""
"Modern Horizons 3 Commander","Modern Horizons 3 Commander","m3c","Oasis Vicejante","Lush Oasis","1","SP","PTEN","C","L","","356",""
"Modern Horizons 3 Commander","Modern Horizons 3 Commander","m3c","Segadeira da Eteresfera","Aethersphere Harvester","1","SP","PTEN","R","C","","280",""
"Modern Horizons 3 Commander","Modern Horizons 3 Commander","m3c","Terastodonte","Terastodon","1","SP","PTEN","R","G","","249",""
"","Modern Masters","mma","Crotalus Mortifero","Death Rattle","1","SP","PTEN","U","B","","78",""
"","Modern Masters","mma","Morfoloide Estaca-Belica","War-Spike Changeling","1","SP","PTEN","C","R","","139",""
"","Modern Masters 2015","mm2","Dragonete Rapace","Scavenger Drake","2","SP","PTEN","U","B","","93",""
"","Modern Masters 2015","mm2","Goblin Atirador de Fogo","Goblin Fireslinger","1","SP","PTEN","C","R","","114",""
"","Modern Masters 2015","mm2","Procissao Espectral","Spectral Procession","1","SP","PTEN","U","W","","33",""
"","Modern Masters 2017","mm3","Assalto Goblin","Goblin Assault","1","SP","PTEN","U","R","","95",""
"","Modern Masters 2017","mm3","Cultista Skirsdag","Skirsdag Cultist","1","SP","PTEN","U","R","","112",""
"","Modern Masters 2017","mm3","Desperte os Reflexos","Wake the Reflections","1","SP","PTEN","C","W","","28",""
"","Modern Masters 2017","mm3","Ira Trovejante","Thunderous Wrath","1","SP","PTEN","C","R","","113",""
"","Modern Masters 2017","mm3","Jato de Magma","Magma Jet","4","SP","PTEN","C","R","","100",""
"","Modern Masters 2017","mm3","Matriz Amortecedora","Damping Matrix","1","SP","PTEN","R","C","","218",""
"","Modern Masters 2017","mm3","Mestre em Arpeu Kor","Kor Hookmaster","1","SP","PTEN","C","W","","10",""
"","Modern Masters 2017","mm3","Salvacao do Druida","Druid's Deliverance","1","SP","PTEN","C","G","","124",""
"","Modern Masters 2017","mm3","Teleportal","Teleportal","1","SP","PTEN","U","M","","193",""
"","Modern Masters 2017","mm3","Terror Noturno","Night Terrors","1","SP","PTEN","C","B","","79",""
"","Multiverse Legends","mul","Fynn, o Portador da Presa","Fynn, the Fangbearer","1","SP","PTEN","U","G","","26",""
"","Multiverse Legends","mul","Squee, o Imortal","Squee, the Immortal","1","SP","PTEN","R","R","","22",""
"","Multiverse Legends","mul","Valduk, Guardiao da Chama","Valduk, Keeper of the Flame","1","SP","PTEN","U","R","","24",""
"","Mystery Booster","mb1","Farra Devastadora","Shattering Spree","1","NM","PTEN","U","R","","1056",""
"Nascidos dos Deuses","Born of the Gods","bng","Alistador Acrosano","Akroan Conscriptor","1","SP","PTEN","U","R","","87",""
"Nascidos dos Deuses","Born of the Gods","bng","Bruto do Trovao","Thunder Brute","1","SP","PTEN","U","R","","113",""
"Nascidos dos Deuses","Born of the Gods","bng","Despojador de Mentes","Mindreaver","1","SP","PTEN","R","U","","44",""
"Nascidos dos Deuses","Born of the Gods","bng","Falange Acrosana","Akroan Phalanx","1","SP","PTEN","U","W","","2",""
"Nascidos dos Deuses","Born of the Gods","bng","General Protegido pelos Deuses","God-Favored General","1","SP","PTEN","U","W","","14",""
"Nascidos dos Deuses","Born of the Gods","bng","Harpia Picanco","Shrike Harpy","1","SP","PTEN","U","B","","83",""
"Nascidos dos Deuses","Born of the Gods","bng","Lira da Cancao Sirenica","Siren Song Lyre","1","SP","PTEN","U","C","","161",""
"Nascidos dos Deuses","Born of the Gods","bng","Servo de Tymaret","Servant of Tymaret","1","SP","PTEN","C","B","","82",""
"Nascidos dos Deuses","Born of the Gods","bng","Sirena da Costa Acidentada","Siren of the Fanged Coast","1","SP","PTEN","U","U","","50",""
"Nascidos dos Deuses","Born of the Gods","bng","Talassido Nyxnato","Nyxborn Triton","1","SP","PTEN","C","U","","46",""
"Noctumbra: A Casa dos Horrores","Duskmourn: House of Horror","dsk","","Bedhead Beastie","1","SP","PTEN","C","R","","125",""
"Noctumbra: A Casa dos Horrores","Duskmourn: House of Horror","dsk","","Bottomless Pool // Locker Room","1","SP","PTEN","U","U","","43",""
"Noctumbra: A Casa dos Horrores","Duskmourn: House of Horror","dsk","","Break Down the Door","1","SP","PTEN","U","G","","170",""
"Noctumbra: A Casa dos Horrores","Duskmourn: House of Horror","dsk","","Chainsaw","1","SP","PTEN","R","R","","128",""
"Noctumbra: A Casa dos Horrores","Duskmourn: House of Horror","dsk","","Clockwork Percussionist","2","SP","PTEN","C","R","","130",""
"Noctumbra: A Casa dos Horrores","Duskmourn: House of Horror","dsk","","Conductive Machete","1","SP","PTEN","U","C","","244",""
"Noctumbra: A Casa dos Horrores","Duskmourn: House of Horror","dsk","","Cursed Recording","1","SP","PTEN","R","R","","131",""
"Noctumbra: A Casa dos Horrores","Duskmourn: House of Horror","dsk","","Dashing Bloodsucker","1","SP","PTEN","U","B","","90",""
"Noctumbra: A Casa dos Horrores","Duskmourn: House of Horror","dsk","","Derelict Attic // Widow's Walk","2","SP","PTEN","C","B","","93",""
"Noctumbra: A Casa dos Horrores","Duskmourn: House of Horror","dsk","","Diversion Specialist","1","SP","PTEN","U","R","","132",""
"Noctumbra: A Casa dos Horrores","Duskmourn: House of Horror","dsk","","Enter the Enigma","2","SP","PTEN","C","U","","52",""
"Noctumbra: A Casa dos Horrores","Duskmourn: House of Horror","dsk","","Fear of Abduction","2","SP","PTEN","U","W","","9",""
"Noctumbra: A Casa dos Horrores","Duskmourn: House of Horror","dsk","","Fear of Burning Alive","1","SP","PTEN","U","R","","135",""
"Noctumbra: A Casa dos Horrores","Duskmourn: House of Horror","dsk","","Fear of Failed Tests","1","SP","PTEN","U","U","","55",""
"Noctumbra: A Casa dos Horrores","Duskmourn: House of Horror","dsk","","Fear of Immobility","1","SP","PTEN","C","W","","10",""
"Noctumbra: A Casa dos Horrores","Duskmourn: House of Horror","dsk","","Fear of Infinity","1","SP","PTEN","U","M","","214",""
"Noctumbra: A Casa dos Horrores","Duskmourn: House of Horror","dsk","","Final Vengeance","1","SP","PTEN","C","B","","99",""
"Noctumbra: A Casa dos Horrores","Duskmourn: House of Horror","dsk","","Flesh Burrower","1","SP","PTEN","C","G","","178",""
"Noctumbra: A Casa dos Horrores","Duskmourn: House of Horror","dsk","","Friendly Ghost","1","SP","PTEN","C","W","","12",""
"Noctumbra: A Casa dos Horrores","Duskmourn: House of Horror","dsk","","Friendly Teddy","1","SP","PTEN","C","C","","247",""
"Noctumbra: A Casa dos Horrores","Duskmourn: House of Horror","dsk","","Give In to Violence","1","SP","PTEN","C","B","","101",""
"Noctumbra: A Casa dos Horrores","Duskmourn: House of Horror","dsk","","Glassworks // Shattered Yard","1","SP","PTEN","C","R","","137",""
"Noctumbra: A Casa dos Horrores","Duskmourn: House of Horror","dsk","","Glimmerburst","1","SP","PTEN","C","U","","62",""
"Noctumbra: A Casa dos Horrores","Duskmourn: House of Horror","dsk","","Grab the Prize","1","NM","EN","C","R","","138",""
"Noctumbra: A Casa dos Horrores","Duskmourn: House of Horror","dsk","","Hand That Feeds","1","NM","EN","C","R","","139",""
"Noctumbra: A Casa dos Horrores","Duskmourn: House of Horror","dsk","","Impossible Inferno","1","NM","EN","C","R","","140",""
"Noctumbra: A Casa dos Horrores","Duskmourn: House of Horror","dsk","","Leyline of Resonance","1","SP","PTEN","R","R","","143",""
"Noctumbra: A Casa dos Horrores","Duskmourn: House of Horror","dsk","","Manifest Dread","1","SP","PTEN","C","G","","189",""
"Noctumbra: A Casa dos Horrores","Duskmourn: House of Horror","dsk","","Most Valuable Slayer","1","SP","PTEN","C","R","","144",""
"Noctumbra: A Casa dos Horrores","Duskmourn: House of Horror","dsk","","Painter's Studio // Defaced Gallery","1","SP","PTEN","U","R","","147",""
"Noctumbra: A Casa dos Horrores","Duskmourn: House of Horror","dsk","","Paranormal Analyst","1","SP","PTEN","U","U","","69",""
"Noctumbra: A Casa dos Horrores","Duskmourn: House of Horror","dsk","Piroclasma","Pyroclasm","1","SP","PTEN","U","R","","149",""
"Noctumbra: A Casa dos Horrores","Duskmourn: House of Horror","dsk","","Razorkin Hordecaller","1","SP","PTEN","U","R","","152",""
"Noctumbra: A Casa dos Horrores","Duskmourn: House of Horror","dsk","","Skullsnap Nuisance","1","SP","PTEN","U","M","","234",""
"Noctumbra: A Casa dos Horrores","Duskmourn: House of Horror","dsk","","Spectral Snatcher","2","SP","PTEN","C","B","","116",""
"Noctumbra: A Casa dos Horrores","Duskmourn: House of Horror","dsk","","Sporogenic Infection","1","SP","PTEN","U","B","","117",""
"Noctumbra: A Casa dos Horrores","Duskmourn: House of Horror","dsk","","Ticket Booth // Tunnel of Hate","1","SP","PTEN","C","R","","158",""
"Noctumbra: A Casa dos Horrores","Duskmourn: House of Horror","dsk","","Trial of Agony","2","SP","PTEN","U","R","","159",""
"Noctumbra: A Casa dos Horrores","Duskmourn: House of Horror","dsk","","Turn Inside Out","2","SP","PTEN","C","R","","160",""
"Noctumbra: A Casa dos Horrores","Duskmourn: House of Horror","dsk","","Twitching Doll","1","SP","PTEN","R","G","","201",""
"Noctumbra: A Casa dos Horrores","Duskmourn: House of Horror","dsk","","Twitching Doll","1","NM","PT","R","G","","201",""
"Noctumbra: A Casa dos Horrores","Duskmourn: House of Horror","dsk","","Unable to Scream","1","SP","PTEN","C","U","","78",""
"Noctumbra: A Casa dos Horrores","Duskmourn: House of Horror","dsk","","Under the Skin","1","SP","PTEN","U","G","","203",""
"Noctumbra: A Casa dos Horrores","Duskmourn: House of Horror","dsk","","Underwater Tunnel // Slimy Aquarium","1","SP","PTEN","C","U","","79",""
"Noctumbra: A Casa dos Horrores","Duskmourn: House of Horror","dsk","","Valgavoth's Onslaught","1","SP","PTEN","R","G","","204",""
"Noctumbra: A Casa dos Horrores","Duskmourn: House of Horror","dsk","","Violent Urge","2","SP","PTEN","U","R","","164",""
"Noctumbra: A Casa dos Horrores Commander","Duskmourn: House of Horror Commander","dsc","Arquetipo da Imaginacao","Archetype of Imagination","2","SP","PTEN","U","U","","111",""
"Noctumbra: A Casa dos Horrores Commander","Duskmourn: House of Horror Commander","dsc","Charco Geotermico","Geothermal Bog","1","SP","PTEN","C","L","","278",""
"Noctumbra: A Casa dos Horrores Commander","Duskmourn: House of Horror Commander","dsc","Driade Nodosa","Gnarlwood Dryad","1","SP","PTEN","U","G","","180",""
"Noctumbra: A Casa dos Horrores Commander","Duskmourn: House of Horror Commander","dsc","Iluminar o Palco","Light Up the Stage","2","NM","EN","U","R","","166",""
"Noctumbra: A Casa dos Horrores Commander","Duskmourn: House of Horror Commander","dsc","Leia os Ossos","Read the Bones","1","SP","PTEN","C","B","","154",""
"Noctumbra: A Casa dos Horrores Commander","Duskmourn: House of Horror Commander","dsc","O Anciao Renascido","The Eldest Reborn","1","SP","PTEN","U","B","","139",""
"Noctumbra: A Casa dos Horrores Commander","Duskmourn: House of Horror Commander","dsc","Profundezas de Halimar","Halimar Depths","1","SP","PTEN","C","L","","282",""
"Noctumbra: A Casa dos Horrores Commander","Duskmourn: House of Horror Commander","dsc","Revirar o Tempo","Dig Through Time","1","SP","PTEN","R","U","","115",""
"Nova Capenna Commander","New Capenna Commander","ncc","Riacho Vivido","Vivid Creek","1","SP","PTEN","U","L","","444",""
"Nova Phyrexia","New Phyrexia","nph","Surto Geologico","Geosurge","1","SP","PTEN","U","R","","85",""
"O Destino de Urza","Urza's Destiny","ud","Eskirge Esquivo","Slinking Skirge","4","SP","PTEN","C","B","","71",""
"O Destino de Urza","Urza's Destiny","ud","Goblin Jardineiro","Goblin Gardener","1","NM","EN","C","R","","84",""
"O Destino de Urza","Urza's Destiny","ud","Pesquisa Privada","Private Research","1","SP","PTEN","U","U","","41",""
"O Legado de Urza","Urza's Legacy","ul","Aperto de Granito","Granite Grip","1","SP","PTEN","C","R","","81",""
"O Legado de Urza","Urza's Legacy","ul","Desastre Iminente","Impending Disaster","1","SP","PTEN","R","R","","82",""
"O Legado de Urza","Urza's Legacy","ul","Esforco Desesperado","Last-Ditch Effort","1","SP","PTEN","U","R","","83",""
"O Senhor dos Anéis: Contos da Terra Média","Lord of the Rings: Tales of Middle-Earth","ltr","Aranha da Floresta das Trevas","Mirkwood Spider","1","SP","PTEN","C","G","","178",""
"O Senhor dos Anéis: Contos da Terra Média","Lord of the Rings: Tales of Middle-Earth","ltr","Demonstracao de Poder","Display of Power","1","SP","PTEN","R","R","","119",""
"O Senhor dos Anéis: Contos da Terra Média","Lord of the Rings: Tales of Middle-Earth","ltr","Flamiferreira de Erebor","Erebor Flamesmith","1","SP","PTEN","C","R","","122",""
"O Senhor dos Anéis: Contos da Terra Média","Lord of the Rings: Tales of Middle-Earth","ltr","Frasco de Galadriel","Phial of Galadriel","1","SP","PTEN","R","C","","248",""
"O Senhor dos Anéis: Contos da Terra Média","Lord of the Rings: Tales of Middle-Earth","ltr","Furia do Ent","Ent's Fury","1","SP","PTEN","C","G","","164",""
"O Senhor dos Anéis: Contos da Terra Média","Lord of the Rings: Tales of Middle-Earth","ltr","Gimli, Contador de Abates","Gimli, Counter of Kills","1","SP","PTEN","U","R","","129",""
"O Senhor dos Anéis: Contos da Terra Média","Lord of the Rings: Tales of Middle-Earth","ltr","Goblin Veterano de Guerra","Battle-Scarred Goblin","1","NM","EN","C","R","","115",""
"O Senhor dos Anéis: Contos da Terra Média","Lord of the Rings: Tales of Middle-Earth","ltr","Golpear o Imortal","Smite the Deathless","4","NM","EN","C","R","","148",""
"O Senhor dos Anéis: Contos da Terra Média","Lord of the Rings: Tales of Middle-Earth","ltr","Grishnakh, Instigador Ousado","Grishnakh, Brash Instigator","1","NM","EN","U","R","","134",""
"O Senhor dos Anéis: Contos da Terra Média","Lord of the Rings: Tales of Middle-Earth","ltr","Inscricao Ardente","Fiery Inscription","2","SP","PTEN","U","R","","126",""
"O Senhor dos Anéis: Contos da Terra Média","Lord of the Rings: Tales of Middle-Earth","ltr","Irromper no Salao","Rush the Room","1","SP","PTEN","C","R","","147",""
"O Senhor dos Anéis: Contos da Terra Média","Lord of the Rings: Tales of Middle-Earth","ltr","Lamina dos Tumulos","Barrow-Blade","1","SP","PTEN","U","C","","237",""
"O Senhor dos Anéis: Contos da Terra Média","Lord of the Rings: Tales of Middle-Earth","ltr","Medo! Fogo! Inimigos!","Fear, Fire, Foes!","1","SP","PTEN","U","R","","125",""
"O Senhor dos Anéis: Contos da Terra Média","Lord of the Rings: Tales of Middle-Earth","ltr","Nascer do Dia","Rising of the Day","1","SP","PTEN","U","R","","145",""
"O Senhor dos Anéis: Contos da Terra Média","Lord of the Rings: Tales of Middle-Earth","ltr","Salta-fogo Goblin","Goblin Fireleaper","1","SP","PTEN","U","R","","133",""
"O Senhor dos Anéis: Contos da Terra Média","Lord of the Rings: Tales of Middle-Earth","ltr","Sancao de Gandalf","Gandalf's Sanction","1","SP","PTEN","U","M","","208",""
"O Senhor dos Anéis: Contos da Terra Média","Lord of the Rings: Tales of Middle-Earth","ltr","Saqueador de Moria","Moria Marauder","1","SP","PTEN","R","R","","138",""
"O Senhor dos Anéis: Contos da Terra Média","Lord of the Rings: Tales of Middle-Earth","ltr","Separacao da Sociedade","Breaking of the Fellowship","2","SP","PTEN","C","R","","117",""
"O Senhor dos Anéis: Contos da Terra Média (Promo)","Lord of the Rings: Tales of Middle-Earth (Promo)","pltr","Broche de Lorien // Botas do Desbravador","Lorien Brooch // Trailblazer's Boots","1","SP","PTEN","R","C","Foil","398",""
"Odisséia","Odyssey","od","Salva Flamejante","Blazing Salvo","1","SP","PTEN","C","R","","178",""
"Os Fora da Lei de Encruzilhada do Trovão","Outlaws of Thunder Junction","otj","Adesao de Vraska","Vraska Joins Up","1","SP","PTEN","R","M","","236",""
"Os Fora da Lei de Encruzilhada do Trovão","Outlaws of Thunder Junction","otj","Ambulante Perspicaz","Discerning Peddler","1","SP","PTEN","C","R","","121",""
"Os Fora da Lei de Encruzilhada do Trovão","Outlaws of Thunder Junction","otj","Artista Barulhento","Raucous Entertainer","1","SP","PTEN","U","G","","177",""
"Os Fora da Lei de Encruzilhada do Trovão","Outlaws of Thunder Junction","otj","Arynx Treinado","Trained Arynx","1","SP","PTEN","C","W","","36",""
"Os Fora da Lei de Encruzilhada do Trovão","Outlaws of Thunder Junction","otj","Assalto na Estrada","Highway Robbery","2","SP","PTEN","C","R","","129",""
"Os Fora da Lei de Encruzilhada do Trovão","Outlaws of Thunder Junction","otj","Assistente de Prata","Silver Deputy","1","SP","PTEN","C","C","","248",""
"Os Fora da Lei de Encruzilhada do Trovão","Outlaws of Thunder Junction","otj","Canion Erodido","Eroded Canyon","4","SP","PTEN","C","L","","256",""
"Os Fora da Lei de Encruzilhada do Trovão","Outlaws of Thunder Junction","otj","Caranguejo do Canion","Canyon Crab","1","SP","PTEN","U","U","","40",""
"Os Fora da Lei de Encruzilhada do Trovão","Outlaws of Thunder Junction","otj","Carcaju Irascivel","Irascible Wolverine","1","SP","PTEN","C","R","","130",""
"Os Fora da Lei de Encruzilhada do Trovão","Outlaws of Thunder Junction","otj","Carcereira Argentada","Sterling Keykeeper","1","SP","PTEN","C","W","","32",""
"Os Fora da Lei de Encruzilhada do Trovão","Outlaws of Thunder Junction","otj","Castor Gigante","Giant Beaver","1","SP","PTEN","C","G","","165",""
"Os Fora da Lei de Encruzilhada do Trovão","Outlaws of Thunder Junction","otj","Coiote Sagaz","Cunning Coyote","2","SP","PTEN","U","R","","118",""
"Os Fora da Lei de Encruzilhada do Trovão","Outlaws of Thunder Junction","otj","Comando dos Desgarrados","Freestrider Commando","1","SP","PTEN","C","G","","162",""
"Os Fora da Lei de Encruzilhada do Trovão","Outlaws of Thunder Junction","otj","Corvo dos Vis Pressagios","Raven of Fell Omens","1","SP","PTEN","C","B","","101",""
"Os Fora da Lei de Encruzilhada do Trovão","Outlaws of Thunder Junction","otj","Descarrilamento Explosivo","Explosive Derailment","1","SP","PTEN","C","R","","122",""
"Os Fora da Lei de Encruzilhada do Trovão","Outlaws of Thunder Junction","otj","Dragonete do Geiser","Geyser Drake","1","SP","PTEN","C","U","","51",""
"Os Fora da Lei de Encruzilhada do Trovão","Outlaws of Thunder Junction","otj","Estrige Saqueadora","Harrier Strix","1","SP","PTEN","C","U","","52",""
"Os Fora da Lei de Encruzilhada do Trovão","Outlaws of Thunder Junction","otj","Felidar a Galope","Bounding Felidar","1","SP","PTEN","U","W","","5",""
"Os Fora da Lei de Encruzilhada do Trovão","Outlaws of Thunder Junction","otj","Fornecedor Argentado","Sterling Supplier","1","SP","PTEN","C","W","","33",""
"Os Fora da Lei de Encruzilhada do Trovão","Outlaws of Thunder Junction","otj","Gigapeia da Emboscada","Ambush Gigapede","1","SP","PTEN","C","B","","77",""
"Os Fora da Lei de Encruzilhada do Trovão","Outlaws of Thunder Junction","otj","Golpe Cambiante","Shifting Grift","1","SP","PTEN","U","U","","66",""
"Os Fora da Lei de Encruzilhada do Trovão","Outlaws of Thunder Junction","otj","Grifo Procurado","Wanted Griffin","1","SP","PTEN","C","W","","38",""
"Os Fora da Lei de Encruzilhada do Trovão","Outlaws of Thunder Junction","otj","Interferencia Fantasma","Phantom Interference","1","SP","PTEN","C","U","","61",""
"Os Fora da Lei de Encruzilhada do Trovão","Outlaws of Thunder Junction","otj","Invocador Tempescama","Scalestorm Summoner","1","SP","PTEN","U","R","","144",""
"Os Fora da Lei de Encruzilhada do Trovão","Outlaws of Thunder Junction","otj","Jato Metamorfico","Metamorphic Blast","1","SP","PTEN","U","U","","57",""
"Os Fora da Lei de Encruzilhada do Trovão","Outlaws of Thunder Junction","otj","Kraum, Cacofonia Violenta","Kraum, Violent Cacophony","1","SP","PTEN","U","M","","214",""
"Os Fora da Lei de Encruzilhada do Trovão","Outlaws of Thunder Junction","otj","Lacaio Temerario","Reckless Lackey","1","SP","PTEN","C","R","","140",""
"Os Fora da Lei de Encruzilhada do Trovão","Outlaws of Thunder Junction","otj","Ladrolampago Ousado","Daring Thunder-Thief","1","SP","PTEN","C","U","","41",""
"Os Fora da Lei de Encruzilhada do Trovão","Outlaws of Thunder Junction","otj","Lancar da Sela","Throw from the Saddle","1","SP","PTEN","C","G","","185",""
"Os Fora da Lei de Encruzilhada do Trovão","Outlaws of Thunder Junction","otj","Legislador Impiedoso","Ruthless Lawbringer","1","SP","PTEN","U","M","","229",""
"Os Fora da Lei de Encruzilhada do Trovão","Outlaws of Thunder Junction","otj","Locomotiva Luxuosa","Luxurious Locomotive","1","SP","PTEN","U","C","","244",""
"Os Fora da Lei de Encruzilhada do Trovão","Outlaws of Thunder Junction","otj","Meseta da Miragem","Mirage Mesa","1","SP","PTEN","C","L","","262",""
"Os Fora da Lei de Encruzilhada do Trovão","Outlaws of Thunder Junction","otj","Mordedora de Calcanhar","Ankle Biter","1","SP","PTEN","C","G","","153",""
"Os Fora da Lei de Encruzilhada do Trovão","Outlaws of Thunder Junction","otj","Naturalista Paciente","Patient Naturalist","1","SP","PTEN","C","G","","174",""
"Os Fora da Lei de Encruzilhada do Trovão","Outlaws of Thunder Junction","otj","No Fogo Cruzado","Caught in the Crossfire","1","SP","PTEN","U","R","","117",""
"Os Fora da Lei de Encruzilhada do Trovão","Outlaws of Thunder Junction","otj","O Gitrog, Montaria Voraz","The Gitrog, Ravenous Ride","1","NM","PT","M","M","","206",""
"Os Fora da Lei de Encruzilhada do Trovão","Outlaws of Thunder Junction","otj","Pagamento Infernal","Hell to Pay","1","SP","PTEN","R","R","","126",""
"Os Fora da Lei de Encruzilhada do Trovão","Outlaws of Thunder Junction","otj","Papa-leguas Resistente","Resilient Roadrunner","1","SP","PTEN","U","R","","141",""
"Os Fora da Lei de Encruzilhada do Trovão","Outlaws of Thunder Junction","otj","Paramedico Fora da Lei","Outlaw Medic","1","SP","PTEN","C","W","","23",""
"Os Fora da Lei de Encruzilhada do Trovão","Outlaws of Thunder Junction","otj","Pastor das Nuvens","Shepherd of the Clouds","1","SP","PTEN","U","W","","28",""
"Os Fora da Lei de Encruzilhada do Trovão","Outlaws of Thunder Junction","otj","Piromantes do Rodeio","Rodeo Pyromancers","1","SP","PTEN","C","R","","143",""
"Os Fora da Lei de Encruzilhada do Trovão","Outlaws of Thunder Junction","otj","Pulverizador Punho de Ferro","Iron-Fist Pulverizer","1","SP","PTEN","C","R","","131",""
"Os Fora da Lei de Encruzilhada do Trovão","Outlaws of Thunder Junction","otj","Quota do Deserto","Desert's Due","1","SP","PTEN","C","B","","85",""
"Os Fora da Lei de Encruzilhada do Trovão","Outlaws of Thunder Junction","otj","Saque Rapido","Quick Draw","1","SP","PTEN","C","R","","138",""
"Os Fora da Lei de Encruzilhada do Trovão","Outlaws of Thunder Junction","otj","Tiro Calcinante","Scorching Shot","2","SP","PTEN","U","R","","145",""
"Os Fora da Lei de Encruzilhada do Trovão","Outlaws of Thunder Junction","otj","Tiro-certo Cactoide","Cactusfolk Sureshot","1","SP","PTEN","U","M","","199",""
"Os Fora da Lei de Encruzilhada do Trovão","Outlaws of Thunder Junction","otj","Tubarao Agiota","Loan Shark","1","SP","PTEN","C","U","","55",""
"Os Fora da Lei de Encruzilhada do Trovão","Outlaws of Thunder Junction","otj","Vigarista do Sangue","Blood Hustler","1","SP","PTEN","U","B","","80",""
"Os Fora da Lei de Encruzilhada do Trovão","Outlaws of Thunder Junction","otj","Vigilante de Porto dos Pressagios","Omenport Vigilante","1","SP","PTEN","U","W","","21",""
"Os Fora da Lei de Encruzilhada do Trovão (Promo)","Outlaws of Thunder Junction (Promo)","protj","Magda, a Mestra do Tesouro","Magda, the Hoardmaster","1","SP","PTEN","R","R","Foil","374",""
"Os Fora da Lei de Encruzilhada do Trovão Commander","Outlaws of Thunder Junction Commander","otc","Capita Lannery Tormenta","Captain Lannery Storm","2","SP","PTEN","R","R","","158",""
"Os Fora da Lei de Encruzilhada do Trovão Commander","Outlaws of Thunder Junction Commander","otc","Deserto da Fervorosa","Desert of the Fervent","1","SP","PTEN","C","L","","284",""
"Os Fora da Lei de Encruzilhada do Trovão Commander","Outlaws of Thunder Junction Commander","otc","Eletromante Goblin","Goblin Electromancer","1","SP","PTEN","C","M","","228",""
"Os Fora da Lei de Encruzilhada do Trovão Commander","Outlaws of Thunder Junction Commander","otc","Niv-Mizzet, Parun","Niv-Mizzet, Parun","1","SP","PTEN","R","M","","235",""
"Os Fora da Lei de Encruzilhada do Trovão Commander","Outlaws of Thunder Junction Commander","otc","Penhascos Pintados","Painted Bluffs","1","SP","PTEN","C","L","","309",""
"Os Fora da Lei de Encruzilhada do Trovão Commander","Outlaws of Thunder Junction Commander","otc","Percepcao Magmatica","Magmatic Insight","1","SP","PTEN","U","R","","173",""
"Os Fora da Lei de Encruzilhada do Trovão Commander","Outlaws of Thunder Junction Commander","otc","Piromante Jovem","Young Pyromancer","2","SP","PTEN","U","R","","185",""
"Os Fora da Lei de Encruzilhada do Trovão Commander","Outlaws of Thunder Junction Commander","otc","Reencontro Amargo","Bitter Reunion","1","SP","PTEN","C","R","","156",""
"Os Fora da Lei de Encruzilhada do Trovão Commander","Outlaws of Thunder Junction Commander","otc","Revelacao Eletrica","Electric Revelation","1","SP","PTEN","C","R","","163",""
"Os Fora da Lei de Encruzilhada do Trovão Commander","Outlaws of Thunder Junction Commander","otc","Saqueador Etergenito","Aetherborn Marauder","1","SP","PTEN","U","B","","125",""
"Os Fora da Lei de Encruzilhada do Trovão Commander","Outlaws of Thunder Junction Commander","otc","Talrand, Invocador Celeste","Talrand, Sky Summoner","1","SP","PTEN","R","U","","116",""
"Pântano Sombrio","Shadowmoor","shm","Duo de Masca-Trapo","Tattermunge Duo","1","SP","PTEN","C","M","","218",""
"Pântano Sombrio","Shadowmoor","shm","Frasco de Outro Lugar","Elsewhere Flask","1","SP","PTEN","C","C","","250",""
"Pântano Sombrio","Shadowmoor","shm","Iniciado Afogador","Drowner Initiate","1","SP","PTEN","C","U","","36",""
"Pântano Sombrio","Shadowmoor","shm","Montanha da Nevoa Insana","Madblind Mountain","1","SP","PTEN","U","L","","274",""
"Phyrexia: Tudo será um","Phyrexia: All will be one","one","Basilisco Cospe-icor","Ichorspit Basilisk","2","SP","PTEN","C","G","","170",""
"Phyrexia: Tudo será um","Phyrexia: All will be one","one","Bombacranio da Fornalha","Furnace Skullbomb","1","SP","PTEN","C","C","","228",""
"Phyrexia: Tudo será um","Phyrexia: All will be one","one","Cantor da Matanca","Slaughter Singer","1","SP","PTEN","U","M","","216",""
"Phyrexia: Tudo será um","Phyrexia: All will be one","one","Castigadora da Fornalha","Furnace Punisher","1","SP","PTEN","U","R","","132",""
"Phyrexia: Tudo será um","Phyrexia: All will be one","one","Chicote de Guerra de Bladehold","Bladehold War-Whip","1","SP","PTEN","U","M","","197",""
"Phyrexia: Tudo será um","Phyrexia: All will be one","one","Demolicao Animada","Gleeful Demolition","1","SP","PTEN","U","R","","134",""
"Phyrexia: Tudo será um","Phyrexia: All will be one","one","Despertar o Adormecido","Awaken the Sleeper","1","SP","PTEN","U","R","","119",""
"Phyrexia: Tudo será um","Phyrexia: All will be one","one","Escalada Flamejante","Blazing Crescendo","2","SP","PTEN","C","R","","123",""
"Phyrexia: Tudo será um","Phyrexia: All will be one","one","Estopinho Exuberante","Exuberant Fuseling","2","SP","PTEN","U","R","","129",""
"Phyrexia: Tudo será um","Phyrexia: All will be one","one","Geth, Thane dos Contratos","Geth, Thane of Contracts","1","SP","PTEN","R","B","Foil","95",""
"Phyrexia: Tudo será um","Phyrexia: All will be one","one","Geth, Thane dos Contratos","Geth, Thane of Contracts","1","SP","PTEN","R","B","","95",""
"Phyrexia: Tudo será um","Phyrexia: All will be one","one","Graaz, Juggernaut Irrefreavel","Graaz, Unstoppable Juggernaut","1","SP","PTEN","R","C","","229",""
"Phyrexia: Tudo será um","Phyrexia: All will be one","one","Inquerito Infeccioso","Infectious Inquiry","1","SP","PTEN","C","B","","97",""
"Phyrexia: Tudo será um","Phyrexia: All will be one","one","Livre da Carne","Free from Flesh","3","SP","PTEN","C","R","","131",""
"Phyrexia: Tudo será um","Phyrexia: All will be one","one","Movedor de Dunas","Dune Mover","1","SP","PTEN","C","C","","226",""
"Phyrexia: Tudo será um","Phyrexia: All will be one","one","Prologo da Phyresis","Prologue to Phyresis","1","SP","PTEN","C","U","","65",""
"Phyrexia: Tudo será um","Phyrexia: All will be one","one","Punho Batedor Farpado","Barbed Batterfist","1","SP","PTEN","C","R","","121",""
"Phyrexia: Tudo será um","Phyrexia: All will be one","one","Quimera do Nucleo de Soro","Serum-Core Chimera","1","SP","PTEN","U","M","","215",""
"Phyrexia: Tudo será um","Phyrexia: All will be one","one","Rajada Perigosa","Hazardous Blast","2","SP","PTEN","C","R","","135",""
"Phyrexia: Tudo será um","Phyrexia: All will be one","one","Vigilante de Malcator","Malcator's Watcher","1","SP","PTEN","C","U","","58",""
"Phyrexia: Tudo será um","Phyrexia: All will be one","one","Vorrac Contagioso","Contagious Vorrac","1","SP","PTEN","C","G","","164",""
"Phyrexia: Tudo será um (Borderless Ichor)","Phyrexia: All will be one (Borderless Ichor)","bione","Geth, Thane dos Contratos","Geth, Thane of Contracts","1","SP","PTEN","R","B","Foil","306",""
"Phyrexia: Tudo será um (Borderless Ichor)","Phyrexia: All will be one (Borderless Ichor)","bione","Maroto das Serras","Sawblade Scamp","2","SP","PTEN","C","R","","292",""
"Phyrexia: Tudo será um Commander","Phyrexia: All will be one Commander","onc","Ataque da Mini-horda","Hordeling Outburst","1","SP","PTEN","U","R","","100",""
"Phyrexia: Tudo será um Commander","Phyrexia: All will be one Commander","onc","Martelo de Batalha dos Loxodontes","Loxodon Warhammer","1","SP","PTEN","R","C","","135",""
"","Planechase Anthology","pca","Trilha de Arco Eletrico","Arc Trail","1","SP","PTEN","U","R","","39",""
"","Planechase Anthology","pca","Viashino Surrador-do-Espinho","Thorn-Thrash Viashino","1","SP","PTEN","C","R","","52",""
"Portões Violados","Gatecrash","gtc","Aproximacao da Morte","Death's Approach","1","SP","PTEN","C","B","","62",""
"Portões Violados","Gatecrash","gtc","Arco de Dispersao","Scatter Arc","1","SP","PTEN","C","U","","48",""
"Portões Violados","Gatecrash","gtc","Ataque Macico","Massive Raid","1","SP","PTEN","C","R","","100",""
"Portões Violados","Gatecrash","gtc","Eterificar","AEtherize","1","SP","PTEN","U","U","","29",""
"Profecia","Prophecy","pr","Esfolar","Flay","1","SP","PTEN","C","B","","65",""
"Profecia","Prophecy","pr","Repensar","Rethink","1","SP","PTEN","C","U","","42",""
"","Promo - Welcome Back","pwelb","Guia Goblin","Goblin Guide","1","SP","PTEN","S","R","Foil","5",""
"Quarta Edição","Fourth Edition","4e","Fissura","Fissure","1","SP","PTEN","C","R","","119",""
"Quarta Edição","Fourth Edition","4e","Pegaso de Meseta","Mesa Pegasus","1","SP","PTEN","C","W","","209",""
"Ravnica Remasterizada","Ravnica Remastered","rvr","Alfinetada nos Criticos","Skewer the Critics","1","SP","PTEN","C","R","","124",""
"Ravnica Remasterizada","Ravnica Remastered","rvr","Assaltar","Mugging","1","SP","PTEN","C","R","","119",""
"Ravnica Remasterizada","Ravnica Remastered","rvr","Aterrissagem Forcada","Forced Landing","1","SP","PTEN","C","G","","141",""
"Ravnica Remasterizada","Ravnica Remastered","rvr","Cajado de Viajante","Voyager Staff","1","SP","PTEN","U","C","","271",""
"Ravnica Remasterizada","Ravnica Remastered","rvr","Cerco de Torres","Siege of Towers","2","SP","PTEN","U","R","","123",""
"Ravnica Remasterizada","Ravnica Remastered","rvr","Comando de Krenko","Krenko's Command","2","SP","PTEN","C","R","","115",""
"Ravnica Remasterizada","Ravnica Remastered","rvr","Dragonete Fagulhante","Crackling Drake","1","SP","PTEN","U","M","","174",""
"Ravnica Remasterizada","Ravnica Remastered","rvr","Esquivadora da Rua do Estanho","Tin Street Dodger","1","SP","PTEN","C","R","","128",""
"Ravnica Remasterizada","Ravnica Remastered","rvr","Quebra-cranio","Skullcrack","1","SP","PTEN","U","R","","125",""
"Ravnica Remasterizada","Ravnica Remastered","rvr","Rusalka Ardente","Scorched Rusalka","2","SP","PTEN","C","R","","122",""
"Ravnica Remasterizada","Ravnica Remastered","rvr","Tropego do Esgoto","Sewer Shambler","1","SP","PTEN","C","B","","91",""
"Ravnica Remasterizada","Ravnica Remastered","rvr","Vorme de Cerco","Siege Wurm","1","SP","PTEN","C","G","","155",""
"Ravnica: A Cidade das Guildas","Ravnica: City of Guilds","rav","Bruxa Cata-Pensamento","Thoughtpicker Witch","1","SP","PTEN","C","B","","109",""
"Ravnica: A Cidade das Guildas","Ravnica: City of Guilds","rav","Pilha Humana","Dogpile","1","SP","PTEN","C","R","","120",""
"Ravnica: Clue Edition","Ravnica: Clue Edition","clu","Bizarro Devora-magia","Spellgorger Weird","3","SP","PTEN","C","R","","148",""
"Ravnica: Clue Edition","Ravnica: Clue Edition","clu","Carcereiro do Mausoleu","Mausoleum Turnkey","1","SP","PTEN","U","B","","116",""
"Ravnica: Clue Edition","Ravnica: Clue Edition","clu","Defensores Radiconatos","Rootborn Defenses","3","SP","PTEN","C","W","","71",""
"Ravnica: Clue Edition","Ravnica: Clue Edition","clu","Escalpador de Utvara","Utvara Scalper","1","SP","PTEN","C","R","","153",""
"Ravnica: Clue Edition","Ravnica: Clue Edition","clu","Goblin Turrao","Ornery Goblin","1","NM","EN","C","R","","143",""
"Ravnica: Clue Edition","Ravnica: Clue Edition","clu","","Lavinia, Foil to Conspiracy","1","NM","PT","R","M","","36",""
"Ravnica: Clue Edition","Ravnica: Clue Edition","clu","","Lavinia, Foil to Conspiracy","1","SP","PTEN","R","M","Foil, Promo","36",""
"Ravnica: Clue Edition","Ravnica: Clue Edition","clu","Patrulheira do Parelio","Parhelion Patrol","1","SP","PTEN","C","W","","68",""
"Ravnica: Clue Edition","Ravnica: Clue Edition","clu","Revogar","Repeal","1","SP","PTEN","C","U","","94",""
"Ravnica: Clue Edition","Ravnica: Clue Edition","clu","Sapo-saltador","Leapfrog","1","SP","PTEN","C","U","","89",""
"","Regional Championship Qualifiers 2023","pr23","Disputa Mistica","Mystical Dispute","1","SP","PTEN","R","U","","1",""
"Renascer de Zendikar","Zendikar Rising","znr","Atacante de Lamina Flamejante","Fireblade Charger","2","SP","PTEN","U","R","","139",""
"Renascer de Zendikar","Zendikar Rising","znr","Canalizadora Magmatica","Magmatic Channeler","1","SP","PTEN","R","R","","148",""
"Renascer de Zendikar","Zendikar Rising","znr","Corredor Noturno Grotag","Grotag Night-Runner","1","SP","PTEN","U","R","","143",""
"Renascer de Zendikar","Zendikar Rising","znr","Furia de Kazuul","Kazuul's Fury","1","SP","PTEN","U","R","","146",""
"Renascer de Zendikar","Zendikar Rising","znr","Furia Desmedida","Inordinate Rage","1","SP","PTEN","C","R","","144",""
"Renascer de Zendikar","Zendikar Rising","znr","Litoformacao de Nahiri","Nahiri's Lithoforming","1","SP","PTEN","R","R","","151",""
"Renascer de Zendikar","Zendikar Rising","znr","Mago da Fissura","Fissure Wizard","1","SP","PTEN","C","R","","140",""
"Renascer de Zendikar","Zendikar Rising","znr","Phylath, Escultor do Mundo","Phylath, World Sculptor","1","SP","PTEN","R","M","","234",""
"Renascer de Zendikar","Zendikar Rising","znr","Risco do Campo das Agulhas","Spikefield Hazard","1","SP","PTEN","U","R","","166",""
"Renascer de Zendikar","Zendikar Rising","znr","Visao de Silundi","Silundi Vision","1","SP","PTEN","U","U","","80",""
"Renascer de Zendikar","Zendikar Rising","znr","Vortice Turbilhonante","Roiling Vortex","1","SP","PTEN","R","R","","156",""
"Renascer de Zendikar Commander","Zendikar Rising Commander","znc","Guardiao das Fabulas","Keeper of Fables","1","SP","PTEN","U","G","","71",""
"Renascer de Zendikar Commander","Zendikar Rising Commander","znc","Ladrao Mestre","Master Thief","1","SP","PTEN","U","U","","30",""
"Renascer de Zendikar Commander","Zendikar Rising Commander","znc","Medalhao Dimir","Dimir Locket","1","SP","PTEN","C","C","","111",""
"Retorno a Ravnica","Return to Ravnica","rtr","Bizarro da Helicosfera","Blistercoil Weird","1","SP","PTEN","U","M","","211",""
"Retorno a Ravnica","Return to Ravnica","rtr","Cancelar","Cancel","2","SP","PTEN","C","U","","31",""
"Retorno a Ravnica","Return to Ravnica","rtr","Equipe de Arremesso","Lobber Crew","1","SP","PTEN","C","R","","99",""
"Retorno a Ravnica","Return to Ravnica","rtr","Furia das Pistas","Racecourse Fury","1","SP","PTEN","U","R","","104",""
"Retorno a Ravnica","Return to Ravnica","rtr","Gafanhoto de Zanikev","Zanikev Locust","1","SP","PTEN","U","B","","84",""
"Retorno a Ravnica","Return to Ravnica","rtr","Portao da Guilda Izzet","Izzet Guildgate","1","SP","PTEN","C","L","","242",""
"Retorno a Ravnica","Return to Ravnica","rtr","Sombras Perigosas","Perilous Shadow","1","SP","PTEN","C","B","","74",""
"Retorno de Avacyn","Avacyn Restored","avr","Escudeiro de Elgaud","Elgaud Shieldmate","1","SP","PTEN","C","U","","50",""
"Revolta do Éter","Aether Revolt","aer","Aeronauta do Mercado Noturno","Night Market Aeronaut","1","SP","PTEN","C","B","","67",""
"Revolta do Éter","Aether Revolt","aer","Arrebentador de Engrenagens de Embraal","Embraal Gear-Smasher","1","SP","PTEN","C","R","","79",""
"Revolta do Éter","Aether Revolt","aer","Automato Verdejante","Verdant Automaton","1","SP","PTEN","C","C","","180",""
"Revolta do Éter","Aether Revolt","aer","Campea Sucateira","Scrapper Champion","1","SP","PTEN","U","R","","97",""
"Revolta do Éter","Aether Revolt","aer","Dar Poeira","Leave in the Dust","2","SP","PTEN","C","U","","37",""
"Revolta do Éter","Aether Revolt","aer","Descomissionar","Decommission","1","SP","PTEN","C","W","","16",""
"Revolta do Éter","Aether Revolt","aer","Domar","Wrangle","1","SP","PTEN","C","R","","101",""
"Revolta do Éter","Aether Revolt","aer","Encouracado do Consulado","Consulate Dreadnought","1","SP","PTEN","U","C","","146",""
"Revolta do Éter","Aether Revolt","aer","Esmagador Ferromovel","Irontread Crusher","1","SP","PTEN","C","C","","161",""
"Revolta do Éter","Aether Revolt","aer","Especialidade de Kari Zev","Kari Zev's Expertise","1","SP","PTEN","R","R","","88",""
"Revolta do Éter","Aether Revolt","aer","Evasao pelas Vielas","Alley Evasion","1","SP","PTEN","C","W","","6",""
"Revolta do Éter","Aether Revolt","aer","Gigante Enfurecido","Enraged Giant","1","SP","PTEN","U","R","","80",""
"Revolta do Éter","Aether Revolt","aer","Golpe Preciso","Precise Strike","1","NM","EN","C","R","","92",""
"Revolta do Éter","Aether Revolt","aer","Guarnicao Movel","Mobile Garrison","1","SP","PTEN","C","C","","165",""
"Revolta do Éter","Aether Revolt","aer","Implemento de Exame","Implement of Examination","1","SP","PTEN","C","C","","156",""
"Revolta do Éter","Aether Revolt","aer","Implemento de Ferocidade","Implement of Ferocity","1","SP","PTEN","C","C","","157",""
"Revolta do Éter","Aether Revolt","aer","Implemento de Malicia","Implement of Malice","1","SP","PTEN","C","C","","159",""
"Revolta do Éter","Aether Revolt","aer","Infestacao de Gremlins","Gremlin Infestation","1","NM","EN","U","R","","83",""
"Revolta do Éter","Aether Revolt","aer","Infiltrador Audacioso","Audacious Infiltrator","1","SP","PTEN","C","W","","7",""
"Revolta do Éter","Aether Revolt","aer","Leopardo-das-correntes-de-eter","Aetherstream Leopard","2","SP","PTEN","C","G","","103",""
"Revolta do Éter","Aether Revolt","aer","Pego pelos Holofotes","Caught in the Brights","1","SP","PTEN","C","W","","10",""
"Revolta do Éter","Aether Revolt","aer","Rebocador dos Charcos","Fen Hauler","1","SP","PTEN","C","B","","58",""
"Revolta do Éter","Aether Revolt","aer","Requisitora Astuta","Sly Requisitioner","1","SP","PTEN","U","B","","72",""
"Revolta do Éter","Aether Revolt","aer","Rodociclista Renegado","Renegade Wheelsmith","3","SP","PTEN","U","M","","134",""
"Revolta do Éter","Aether Revolt","aer","Rufia da Serralheria Clandestina","Sweatworks Brawler","1","SP","PTEN","C","R","","100",""
"Revolta do Éter","Aether Revolt","aer","Vespa da Fundicao","Foundry Hornet","1","SP","PTEN","U","B","","59",""
"Ruas de Nova Capenna","Streets of New Capenna","snc","Adaga de Saque Rapido","Quick-Draw Dagger","1","SP","PTEN","C","C","","243",""
"Ruas de Nova Capenna","Streets of New Capenna","snc","Distrito da Orla","Waterfront District","1","SP","PTEN","C","L","","259",""
"Ruas de Nova Capenna (Promo)","Streets of New Capenna (Promo)","psnc","Jaxis, a Desordeira","Jaxis, the Troublemaker","1","SP","PTEN","R","R","Foil","461",""
"Salvadores Kamigawa","Saviors of Kamigawa","sok","Fogo Interior (Inner Fire)","Inner Fire","1","SP","PTEN","C","R","","105",""
"","Secret Lair Drop Series: Secret Lair Prize","sldex08","Guia Goblin","Goblin Guide","1","SP","PTEN","R","R","","23",""
"Sexta Edição Classica","Classic Sixth Edition","6e","Auriflama Orquica","Orcish Oriflamme","1","SP","PTEN","U","R","","197",""
"Sexta Edição Classica","Classic Sixth Edition","6e","Diamante Celeste","Sky Diamond","1","SP","PTEN","U","C","","311",""
"Sexta Edição Classica","Classic Sixth Edition","6e","Esconjurar","Unsummon","1","SP","PTEN","C","U","","103",""
"Sexta Edição Classica","Classic Sixth Edition","6e","Labareda","Blaze","1","SP","PTEN","U","R","","168",""
"Sombras em Innistrad","Shadows over Innistrad","soi","Alfinetador de Pecados","Sin Prodder","1","SP","PTEN","R","R","","181",""
"Sombras em Innistrad","Shadows over Innistrad","soi","Anjo da Espada Flamejante","Flameblade Angel","1","SP","PTEN","R","R","","157",""
"Sombras em Innistrad","Shadows over Innistrad","soi","Conflito Interno","Inner Struggle","1","SP","PTEN","U","R","","167",""
"Sombras em Innistrad","Shadows over Innistrad","soi","Diabo Murmurante","Gibbering Fiend","1","SP","PTEN","U","R","","161",""
"Sombras em Innistrad","Shadows over Innistrad","soi","Meditar sobre as Paginas","Pore Over the Pages","1","SP","PTEN","U","U","","79",""
"Sombras em Innistrad","Shadows over Innistrad","soi","Receptaculo da Volatilidade","Vessel of Volatility","2","SP","PTEN","C","R","","189",""
"Sombras em Innistrad","Shadows over Innistrad","soi","Visoes Febris","Fevered Visions","1","SP","PTEN","R","M","","244",""
"Sombras em Innistrad","Shadows over Innistrad","soi","Voz Atormentadora","Tormenting Voice","1","SP","PTEN","C","R","","186",""
"","Stellar Sights","sseos","Territorio dos Necrofagos","Scavenger Grounds","1","NM","PTEN","R","L","","37",""
"Strixhaven: Arquivo Místico","Strixhaven: Mystical Archive","sta","Choque","Shock","2","SP","PTEN","U","R","","44",""
"Strixhaven: Arquivo Místico","Strixhaven: Mystical Archive","sta","Embravecer","Infuriate","1","SP","PTEN","U","R","","41",""
"Strixhaven: Arquivo Místico","Strixhaven: Mystical Archive","sta","Frisson das Possibilidades","Thrill of Possibility","1","SP","PTEN","U","R","","46",""
"Strixhaven: Arquivo Místico","Strixhaven: Mystical Archive","sta","Impulso Aventureiro","Adventurous Impulse","1","SP","PTEN","U","G","","49",""
"Strixhaven: Arquivo Místico","Strixhaven: Mystical Archive","sta","Impulso Aventureiro","Adventurous Impulse","1","NM","PT","U","G","","49",""
"Strixhaven: Arquivo Místico","Strixhaven: Mystical Archive","sta","Reivindicar o Primogenito","Claim the Firstborn","1","SP","PTEN","U","R","","37",""
"Strixhaven: Escola de Magos","Strixhaven: School of Mages","stx","Culminancia dos Estudos","Culmination of Studies","1","SP","PTEN","R","M","","173",""
"Strixhaven: Escola de Magos","Strixhaven: School of Mages","stx","Descoberta Repentina","Sudden Breakthrough","1","SP","PTEN","C","R","","116",""
"Strixhaven: Escola de Magos","Strixhaven: School of Mages","stx","Estudo Entusiasmado","Enthusiastic Study","1","SP","PTEN","C","R","","99",""
"Strixhaven: Escola de Magos","Strixhaven: School of Mages","stx","Teorico da Conspiracao","Conspiracy Theorist","1","SP","PTEN","R","R","","94",""
"","Tarkir: Dragonstorm","tdm","","Agent of Kotis","1","SP","PTEN","C","U","","36",""
"","Tarkir: Dragonstorm","tdm","","Boulderborn Dragon","1","SP","PTEN","C","C","","239",""
"","Tarkir: Dragonstorm","tdm","","Desperate Measures","1","SP","PTEN","U","B","","78",""
"","Tarkir: Dragonstorm","tdm","","Dragon's Prey","1","SP","PTEN","C","B","","79",""
"","Tarkir: Dragonstorm","tdm","","Dragonback Lancer","1","SP","PTEN","C","W","","9",""
"","Tarkir: Dragonstorm","tdm","","Dragonbroods' Relic","1","SP","PTEN","U","G","","140",""
"","Tarkir: Dragonstorm","tdm","","Fire-Rim Form","1","SP","PTEN","C","R","","107",""
"","Tarkir: Dragonstorm","tdm","","Glacial Dragonhunt","1","SP","PTEN","U","M","","188",""
"","Tarkir: Dragonstorm","tdm","","Humbling Elder","1","SP","PTEN","C","U","","48",""
"","Tarkir: Dragonstorm","tdm","","Kin-Tree Severance","1","SP","PTEN","U","M","","200",""
"","Tarkir: Dragonstorm","tdm","","Overwhelming Surge","1","SP","PTEN","U","R","","115",""
"","Tarkir: Dragonstorm","tdm","","Rebellious Strike","1","SP","PTEN","C","W","","20",""
"","Tarkir: Dragonstorm","tdm","","Roamer's Routine","1","SP","PTEN","C","G","","154",""
"","Tarkir: Dragonstorm","tdm","","Seize Opportunity","1","SP","PTEN","C","R","","119",""
"","Tarkir: Dragonstorm","tdm","","Shocking Sharpshooter","1","SP","PTEN","U","R","","121",""
"","Tarkir: Dragonstorm","tdm","","Sunset Strikemaster","1","SP","PTEN","U","R","","126",""
"","Tarkir: Dragonstorm","tdm","Veu de Pele de Serpente","Snakeskin Veil","1","SP","PTEN","C","G","","159",""
"","Tarkir: Dragonstorm","tdm","","War Effort","1","SP","PTEN","U","R","","131",""
"","Tarkir: Dragonstorm","tdm","","Wild Ride","1","SP","PTEN","C","R","","132",""
"","Tarkir: Dragonstorm Commander","tdc","Abrasao","Abrade","1","SP","PTEN","U","R","","203",""
"","Tarkir: Dragonstorm Commander","tdc","Analise Profunda","Deep Analysis","1","SP","PTEN","C","U","","150",""
"","Tarkir: Dragonstorm Commander","tdc","Bijuteria do Viajante","Wayfarer's Bauble","1","SP","PTEN","C","C","","335",""
"","Tarkir: Dragonstorm Commander","tdc","Bosque Radiante","Radiant Grove","1","SP","PTEN","C","L","","385",""
"","Tarkir: Dragonstorm Commander","tdc","Castelo de Brasoreth","Castle Embereth","1","SP","PTEN","R","L","","347",""
"","Tarkir: Dragonstorm Commander","tdc","Chefe-de-guerra da Legiao","Legion Warboss","1","SP","PTEN","R","R","","220",""
"","Tarkir: Dragonstorm Commander","tdc","Comandante do Grupo de Cerco","Siege-Gang Commander","1","SP","PTEN","R","R","","232",""
"","Tarkir: Dragonstorm Commander","tdc","Druida do Florescimento","Springbloom Druid","1","SP","PTEN","C","G","","271",""
"","Tarkir: Dragonstorm Commander","tdc","Grenzo, Instigador do Caos","Grenzo, Havoc Raiser","1","SP","PTEN","R","R","","216",""
"","Tarkir: Dragonstorm Commander","tdc","Pensar Duas Vezes","Think Twice","1","SP","PTEN","C","U","","168",""
"","Tarkir: Dragonstorm Commander","tdc","Ponte Levadica Esmagadora","Crashing Drawbridge","1","SP","PTEN","C","C","","316",""
"","Tarkir: Dragonstorm Commander","tdc","Ramificacao de Jaddi","Jaddi Offshoot","1","SP","PTEN","U","G","","260",""
"","Tarkir: Dragonstorm Commander","tdc","Servo do Soberano Dragao","Dragonlord's Servant","1","SP","PTEN","U","R","","210",""
"","Tarkir: Dragonstorm Commander","tdc","Sinete Azorius","Azorius Signet","1","SP","PTEN","U","C","","312",""
"Tempestade","Tempest","tp","Fonte Natural","Natural Spring","1","SP","PTEN","C","G","","188",""
"Tempestade","Tempest","tp","Unhas e Dentes (Tooth and Claw)","Tooth and Claw","1","SP","PTEN","R","R","","309",""
"Terras Selvagens de Eldraine","Wilds of Eldraine","woe","Busca-tomos Tenaz","Tenacious Tomeseeker","1","SP","PTEN","U","U","","74",""
"Terras Selvagens de Eldraine","Wilds of Eldraine","woe","Camundongos do Arsenal","Armory Mice","1","SP","PTEN","C","W","","3",""
"Terras Selvagens de Eldraine","Wilds of Eldraine","woe","Catapulta Incontrolavel","Unruly Catapult","1","SP","PTEN","C","R","","156",""
"Terras Selvagens de Eldraine","Wilds of Eldraine","woe","Cavaleiro Apaixonado // Desposar a Fera","Besotted Knight // Betroth the Beast","1","SP","PTEN","C","W","","4",""
"Terras Selvagens de Eldraine","Wilds of Eldraine","woe","Comungar com a Natureza","Commune with Nature","1","SP","PTEN","C","G","","166",""
"Terras Selvagens de Eldraine","Wilds of Eldraine","woe","Congelamento Paralisante","Freeze in Place","1","SP","PTEN","C","U","","50",""
"Terras Selvagens de Eldraine","Wilds of Eldraine","woe","Convidado do Grande Baile","Grand Ball Guest","1","SP","PTEN","C","R","","134",""
"Terras Selvagens de Eldraine","Wilds of Eldraine","woe","Heroismo Aceso","Kindled Heroism","2","NM","EN","C","R","","138",""
"Terras Selvagens de Eldraine","Wilds of Eldraine","woe","Imodane, a Piromartelo","Imodane, the Pyrohammer","1","NM","EN","R","R","","137",""
"Terras Selvagens de Eldraine","Wilds of Eldraine","woe","Incendiar a Torre","Torch the Tower","1","NM","EN","C","R","","153",""
"Terras Selvagens de Eldraine","Wilds of Eldraine","woe","Johann, Feiticeiro Aprendiz","Johann, Apprentice Sorcerer","1","SP","PTEN","U","M","","207",""
"Terras Selvagens de Eldraine","Wilds of Eldraine","woe","Ladrao Barrete Vermelho","Redcap Thief","1","SP","PTEN","C","R","","147",""
"Terras Selvagens de Eldraine","Wilds of Eldraine","woe","Maca Tentadora de Eriette","Eriette's Tempting Apple","1","SP","PTEN","U","C","","245",""
"Terras Selvagens de Eldraine","Wilds of Eldraine","woe","Marca da Bruxa","Witch's Mark","2","SP","PTEN","C","R","","158",""
"Terras Selvagens de Eldraine","Wilds of Eldraine","woe","Para a Corte das Fadinas","Into the Fae Court","1","SP","PTEN","C","U","","57",""
"Terras Selvagens de Eldraine","Wilds of Eldraine","woe","Presa Tempestuosa Uivante","Howling Galefang","1","SP","PTEN","U","G","","175",""
"Terras Selvagens de Eldraine","Wilds of Eldraine","woe","Silfide Mestra das Amarras","Snaremaster Sprite","1","SP","PTEN","C","U","","68",""
"Terras Selvagens de Eldraine","Wilds of Eldraine","woe","Tolice do Aprendiz","The Apprentice's Folly","1","SP","PTEN","R","M","","200",""
"Terras Selvagens de Eldraine","Wilds of Eldraine","woe","Uma Historia Memoravel","A Tale for the Ages","1","SP","PTEN","R","W","","34",""
"Terras Selvagens de Eldraine","Wilds of Eldraine","woe","Vanguardeiro Verdejante","Verdant Outrider","1","SP","PTEN","C","G","","196",""
"Terras Selvagens de Eldraine","Wilds of Eldraine","woe","Visitante Malvado","Wicked Visitor","1","SP","PTEN","C","B","","118",""
"Terras Selvagens de Eldraine (Borderless)","Wilds of Eldraine (Borderless)","bwoe","Vinhas Inquietas","Restless Vinestalk","1","SP","PTEN","R","L","","307",""
"Terras Selvagens de Eldraine Commander","Wilds of Eldraine Commander","woc","Devaneio do Sabio","Sage's Reverie","1","SP","PTEN","U","W","","73",""
"Theros","Theros","ths","Litorais Desconhecidos","Unknown Shores","1","SP","PTEN","C","L","","229",""
"Theros","Theros","ths","Sandalias de Pena-veloz","Fleetfeather Sandals","1","SP","PTEN","C","C","","216",""
"Theros Além da Morte","Theros: Beyond Death","thb","Augurio da Forja","Omen of the Forge","1","SP","PTEN","C","R","","145",""
"Theros Além da Morte","Theros: Beyond Death","thb","Demonio da Repugnancia","Demon of Loathing","1","SP","PTEN","R","B","","292",""
"Theros Além da Morte","Theros: Beyond Death","thb","Ictiomorfose","Ichthyomorphosis","1","SP","PTEN","C","U","","51",""
"Theros Além da Morte","Theros: Beyond Death","thb","Intervencao de Purforo","Purphoros's Intervention","1","SP","PTEN","R","R","","151",""
"Theros Além da Morte","Theros: Beyond Death","thb","Negacao Vorticosa","Whirlwind Denial","1","SP","PTEN","U","U","","81",""
"Theros Além da Morte","Theros: Beyond Death","thb","Sonhos do Submundo","Underworld Dreams","1","SP","PTEN","U","B","","121",""
"Theros Além da Morte","Theros: Beyond Death","thb","Uniao as Estrelas","One With the Stars","1","SP","PTEN","U","U","","59",""
"Theros Além da Morte","Theros: Beyond Death","thb","Vibora do Musgo","Moss Viper","1","SP","PTEN","C","G","","179",""
"","Time Spiral Timeshifted","tsts","Bibliotecario Orc","Orcish Librarian","1","SP","PTEN","S","R","","66",""
"","Time Spiral Timeshifted","tsts","Ginetes da Avalanche","Avalanche Riders","1","SP","PTEN","S","R","","55",""
"","Time Spiral Timeshifted","tsts","Temperamento Explosivo","Fiery Temper","1","SP","PTEN","S","R","","62",""
"Tormento","Torment","tr","Cirurgia da Cabala","Cabal Surgeon","1","SP","PTEN","C","B","","52",""
"Trono de Eldraine","Throne of Eldraine","eld","Aranha Fungosa","Sporecap Spider","1","SP","PTEN","C","G","","176",""
"Trono de Eldraine","Throne of Eldraine","eld","Casebre da Bruxa","Witch's Cottage","1","SP","PTEN","C","L","","249",""
"Trono de Eldraine","Throne of Eldraine","eld","Chicotada Espinhosa","Lash of Thorns","1","SP","PTEN","C","B","","92",""
"Trono de Eldraine","Throne of Eldraine","eld","Comerciante do Vale // Pechincha","Merchant of the Vale // Haggle","1","SP","PTEN","C","R","","131",""
"Trono de Eldraine","Throne of Eldraine","eld","Fogo Matador","Slaying Fire","2","SP","PTEN","U","R","","143",""
"Trono de Eldraine","Throne of Eldraine","eld","Forcar a Entrada","Barge In","1","SP","PTEN","C","R","","112",""
"Trono de Eldraine","Throne of Eldraine","eld","Jovem para Sempre","Forever Young","1","SP","PTEN","C","B","","89",""
"Trono de Eldraine","Throne of Eldraine","eld","Mina dos Anoes","Dwarven Mine","2","SP","PTEN","C","L","","243",""
"Trono de Eldraine","Throne of Eldraine","eld","Nao Disse Por Favor","Didn't Say Please","1","SP","PTEN","C","U","","42",""
"Trono de Eldraine","Throne of Eldraine","eld","Santuario Mistico","Mystic Sanctuary","1","SP","PTEN","C","L","","247",""
"Trono de Eldraine","Throne of Eldraine","eld","Sapatinho de Cristal","Crystal Slipper","1","SP","PTEN","C","R","","119",""
"Trono de Eldraine (Variantes)","Throne of Eldraine (Variants)","celd","Fada Madre-guia // Dadiva das Fadinas","Faerie Guidemother // Gift of Fae","3","SP","PTEN","C","W","","274",""
"Últimas Notícias","Breaking News","otp","Alegria dos Fora da Lei","Outlaws' Merriment","1","SP","PTEN","R","M","","51",""
"Últimas Notícias","Breaking News","otp","Alegria dos Fora da Lei","Outlaws' Merriment","1","NM","PT","R","M","","51",""
"Últimas Notícias","Breaking News","otp","Alfinetada nos Criticos","Skewer the Critics","1","SP","PTEN","U","R","","26",""
"Últimas Notícias","Breaking News","otp","Hipotese Fulminante","Hypothesizzle","1","SP","PTEN","U","M","","48",""
"Últimas Notícias","Breaking News","otp","Hipotese Fulminante","Hypothesizzle","1","NM","PT","U","M","","48",""
"Últimas Notícias","Breaking News","otp","Ionizar","Ionize","1","NM","PT","R","M","","49",""
"Últimas Notícias","Breaking News","otp","Ionizar","Ionize","1","SP","PTEN","R","M","","49",""
"Últimas Notícias","Breaking News","otp","Repulsa","Repulse","1","SP","PTEN","U","U","","13",""
"Últimas Notícias","Breaking News","otp","Retrucar","Back for More","1","SP","PTEN","U","M","","36",""
"Últimas Notícias","Breaking News","otp","Retrucar","Back for More","1","NM","PT","U","M","","36",""
"","Ultimate Masters","uma","Alto Sacerdote de Tetimos","Tethmos High Priest","2","SP","PTEN","C","W","","40",""
"","Ultimate Masters","uma","Bombardeio Surpresa","Raid Bombardment","1","SP","PTEN","C","R","","142",""
"","Ultimate Masters","uma","Cavalaria da Lanca Celeste","Skyspear Cavalry","1","SP","PTEN","C","W","","36",""
"","Ultimate Masters","uma","Corcel Carnical","Ghoulsteed","1","SP","PTEN","U","B","","97",""
"","Ultimate Masters","uma","Cruzado Acrosano","Akroan Crusader","1","SP","PTEN","C","R","","121",""
"","Ultimate Masters","uma","Golgari de Escama Parda","Golgari Brownscale","1","SP","PTEN","C","G","","166",""
"","Ultimate Masters","uma","Heroi de Iroas","Hero of Iroas","1","SP","PTEN","U","W","","20",""
"","Ultimate Masters","uma","Servo Gerador","Generator Servant","2","SP","PTEN","C","R","","133",""
"Viagem para Nyx","Journey into Nyx","jou","Alojamento do Desertor","Deserter's Quarters","1","SP","PTEN","U","C","","160",""
"Viagem para Nyx","Journey into Nyx","jou","Arqueiro da Torre de Bassara","Bassara Tower Archer","1","SP","PTEN","U","G","","117",""
"Viagem para Nyx","Journey into Nyx","jou","Banquete de Sonhos","Feast of Dreams","1","SP","PTEN","C","B","","69",""
"Viagem para Nyx","Journey into Nyx","jou","Ciclope da Furia Eterna","Cyclops of Eternal Fury","1","SP","PTEN","U","R","","92",""
"Viagem para Nyx","Journey into Nyx","jou","Ciclope Glutao","Gluttonous Cyclops","1","SP","PTEN","C","R","","99",""
"Viagem para Nyx","Journey into Nyx","jou","Enigma do Relampago","Riddle of Lightning","1","SP","PTEN","U","R","","107",""
"Viagem para Nyx","Journey into Nyx","jou","Fim Aterrador","Nightmarish End","1","SP","PTEN","U","B","","76",""
"Viagem para Nyx","Journey into Nyx","jou","Prisao Celeste","Skybind","1","SP","PTEN","R","W","","25",""
"Viagem para Nyx","Journey into Nyx","jou","Vontade do Flamividente","Flamespeaker's Will","1","SP","PTEN","C","R","","95",""
"","Warhammer 40.000","40k","Caminhao Golias","Goliath Truck","1","SP","PTEN","U","C","","158",""
"","Warhammer 40.000","40k","Senhor Exterminador do Caos","Chaos Terminator Lord","1","SP","PTEN","U","R","","74",""
"","Welcome Deck 2017","w17","Ladrao de Segredos","Stealer of Secrets","1","SP","PTEN","C","U","","13",""
"","Wizards Play Network 2025","wpn25","Especialidade de Rishkar","Rishkar's Expertise","2","NM","PTEN","R","G","","1",""
"","WPN/Gateway","grc","Cultivar","Cultivate","1","SP","PTEN","R","G","","87",""
"Zendikar","Zendikar","zen","Armadilha de Runas Ardentes","Runeflare Trap","1","SP","PTEN","U","R","","146",""
"Zendikar","Zendikar","zen","Busca pela Chama Pura","Quest for Pure Flame","1","SP","PTEN","U","R","","144",""
"Zendikar","Zendikar","zen","Goblin Explode-Ruina","Goblin Ruinblaster","4","NM","EN","U","R","","127",""